cpu_cores,cpu_frequency,gpu_memory,disk_capacity,network_speed,processes,cpu_temperature,gpu_temperature,disk_temperature,network_bandwidth,network_latency,process_memory_usage,process_cpu_usage,cpu_power_usage,gpu_power_usage,disk_power_usage,network_power_usage
34,2.69,24.43,10000.0,49.328,8816,75.83,62.24,20.66,382.25,91.56,787,37,279.12,316.13,7.27,7.44
20,1.65,16.84,10000.0,80.585,3108,68.9,71.3,21.79,508.91,64.71,398,56,294.9,319.65,9.57,3.8
54,1.46,17.88,10000.0,61.35,1270,76.43,63.12,24.32,981.74,30.1,728,44,288.75,264.38,3.88,3.2
18,1.53,14.81,10000.0,61.089,9888,68.53,66.05,22.5,362.76,98.21,166,53,287.2,270.41,6.95,6.55
10,2.66,18.9,10000.0,49.681,8223,57.67,55.67,23.45,832.28,17.3,223,66,286.65,310.94,4.03,9.4
45,1.52,21.05,10000.0,68.754,4633,60.01,71.4,21.81,291.02,64.62,229,46,284.52,253.46,3.03,7.16
31,4.37,19.05,10000.0,44.485,6381,67.36,71.6,21.55,720.95,30.13,256,51,291.91,345.05,7.08,1.28
2,2.98,18.59,10000.0,46.688,293,60.55,70.22,24.69,61.4,83.53,194,68,298.82,298.79,2.74,5.19
61,2.64,24.76,10000.0,59.47,6745,62.69,59.4,21.32,280.19,64.88,742,43,289.73,316.64,8.03,5.21
32,1.1,17.97,10000.0,39.252,3187,62.38,60.78,23.49,413.36,52.26,317,41,295.48,269.28,4.62,5.25
56,2.61,20.43,10000.0,47.083,4615,66.39,57.7,22.97,959.97,46.2,336,39,258.32,279.71,2.5,4.17
36,4.0,24.07,10000.0,67.337,21,61.99,69.94,20.43,64.24,55.76,676,69,282.78,341.68,4.84,8.0
23,3.72,19.82,10000.0,49.835,6040,75.35,57.61,24.7,551.21,34.0,532,58,277.69,323.93,2.76,9.94
14,3.27,17.8,10000.0,56.641,1935,60.07,70.67,21.26,302.68,21.52,794,40,273.29,348.8,1.21,2.53
49,1.99,9.17,10000.0,53.907,1553,74.78,58.7,20.2,369.5,16.2,284,70,255.82,310.37,7.94,8.97
60,1.38,22.93,10000.0,58.196,2931,71.12,70.4,20.46,202.75,58.13,191,37,272.22,293.9,4.26,8.73
15,3.75,20.54,10000.0,64.252,8279,67.75,60.65,24.85,751.56,76.08,365,38,287.08,299.59,5.49,5.18
44,3.52,26.07,10000.0,43.981,3087,70.78,63.2,23.07,341.92,74.55,740,56,280.25,277.93,3.87,1.24
28,0.95,20.06,10000.0,74.441,2833,71.68,68.71,23.62,985.89,23.36,428,36,282.92,328.35,6.81,5.15
5,1.63,16.83,10000.0,60.592,3884,68.22,57.92,24.95,697.05,34.07,128,63,293.67,317.76,3.32,2.34
44,2.48,22.16,10000.0,51.307,366,71.73,67.76,22.92,138.32,83.49,777,52,257.03,319.16,4.76,7.5
29,3.17,17.38,10000.0,63.97,7743,61.88,59.5,21.34,69.59,98.45,199,47,276.13,331.42,4.39,6.27
18,3.07,20.38,10000.0,50.79,7170,56.29,69.07,23.97,17.13,97.51,398,57,287.25,335.08,8.78,7.68
10,2.14,18.31,10000.0,57.138,517,68.47,64.38,20.08,228.03,30.52,894,59,285.67,346.79,6.85,6.65
25,1.08,17.71,10000.0,67.277,1249,56.99,71.81,23.54,251.61,8.0,612,36,275.33,288.78,7.96,7.63
60,3.27,16.23,10000.0,88.373,9952,77.03,57.68,24.64,917.37,38.02,923,48,256.51,335.82,7.15,1.48
22,0.72,20.21,10000.0,53.981,4119,63.51,64.89,23.74,393.8,92.43,790,61,275.75,272.82,9.61,5.17
42,2.29,22.29,10000.0,68.877,1720,58.0,59.07,22.04,716.28,4.76,973,42,289.55,333.95,9.27,5.73
57,3.57,25.02,10000.0,50.835,5068,66.9,61.95,20.75,88.44,36.61,895,70,295.26,292.4,9.31,4.62
37,2.17,14.35,10000.0,49.371,1990,66.91,62.34,23.42,523.92,14.91,325,62,274.99,319.46,7.75,2.13
38,1.51,17.61,10000.0,59.925,5393,56.6,63.4,21.65,681.04,50.75,104,63,258.85,318.48,7.13,5.87
20,1.66,20.98,10000.0,58.798,2153,64.63,71.39,20.52,77.77,49.69,154,46,280.36,335.87,7.81,2.5
40,2.6,20.99,10000.0,58.495,4730,67.47,71.71,22.44,471.52,4.77,302,68,258.83,327.54,2.65,5.38
16,0.74,23.79,10000.0,39.647,126,67.2,58.1,23.28,205.8,11.93,947,57,285.22,294.43,7.96,2.1
37,2.83,14.22,10000.0,39.947,154,57.55,59.73,20.65,484.34,3.06,446,41,291.72,308.33,7.55,7.2
7,2.89,25.37,10000.0,69.584,7519,60.99,67.77,22.4,900.6,5.18,240,39,292.76,343.05,6.32,4.23
7,1.41,24.1,10000.0,64.729,2777,57.61,63.25,22.54,645.03,43.01,126,58,250.05,279.8,2.43,6.19
57,3.06,19.41,10000.0,65.663,2673,56.29,70.22,21.84,189.61,97.49,271,62,275.9,333.36,5.28,7.89
50,1.74,28.3,10000.0,28.149,3539,68.08,63.1,20.73,438.19,3.68,387,40,286.95,295.7,8.96,1.8
61,3.55,21.56,10000.0,44.565,5879,56.86,63.8,20.19,443.02,44.98,728,64,270.16,254.16,1.21,1.43
56,2.2,22.27,10000.0,63.453,6121,69.33,70.89,21.13,777.31,46.1,758,64,273.86,327.27,2.44,5.61
53,2.69,19.46,10000.0,35.909,9613,67.04,62.38,22.96,982.44,75.21,560,40,258.93,335.18,4.87,3.63
10,0.67,20.48,10000.0,68.49,5837,71.56,62.98,22.06,521.41,59.35,703,59,254.44,274.07,1.08,3.63
10,3.43,18.97,10000.0,68.153,4860,63.41,67.2,22.37,950.81,17.17,559,53,273.65,273.15,4.8,3.14
26,4.08,18.17,10000.0,68.942,1224,77.66,66.64,23.39,339.74,81.36,279,56,296.74,311.33,2.84,9.13
34,2.47,20.24,10000.0,55.452,8613,59.3,59.8,20.17,432.02,66.94,100,59,296.85,311.02,4.44,3.55
55,3.48,16.05,10000.0,46.287,6005,67.0,63.09,23.83,926.34,72.19,155,54,261.61,252.44,6.35,5.32
24,0.89,20.12,10000.0,61.311,5703,76.38,67.53,20.09,380.8,11.04,768,49,272.49,267.1,7.53,7.34
57,2.59,21.83,10000.0,43.962,7115,71.49,61.36,21.84,65.6,93.62,437,59,255.42,308.08,9.83,4.99
59,3.97,21.08,10000.0,64.72,8214,60.23,71.79,21.35,535.85,65.28,986,58,262.78,310.45,5.27,3.34
50,0.68,20.63,10000.0,66.529,3268,65.83,58.33,23.17,625.46,17.89,366,36,267.61,263.24,1.04,4.27
11,2.77,23.3,10000.0,46.967,3036,69.63,60.33,23.2,952.79,45.78,200,37,263.85,308.02,4.42,8.53
58,3.28,16.38,10000.0,46.157,7731,67.91,56.9,23.74,801.19,87.16,141,53,277.05,337.15,8.19,4.94
19,2.45,21.67,10000.0,48.757,5254,62.51,63.43,21.39,992.84,81.79,303,60,274.54,260.61,3.11,5.42
1,1.52,18.44,10000.0,60.903,9708,65.05,70.39,21.41,548.43,56.62,989,48,260.73,272.18,8.83,8.76
46,0.05,16.41,10000.0,64.639,7688,57.75,60.67,22.38,66.0,95.52,924,56,299.76,266.94,9.32,2.33
9,2.91,14.56,10000.0,59.715,6926,63.16,59.01,24.22,382.98,26.48,585,49,293.03,340.53,7.03,4.95
64,3.89,17.93,10000.0,36.834,2727,75.18,65.14,21.36,428.22,71.82,333,48,263.72,258.09,8.83,8.8
22,2.56,15.13,10000.0,54.334,96,73.41,59.2,22.39,339.67,97.38,532,57,253.64,253.33,8.09,9.75
60,1.39,21.37,10000.0,55.992,6329,56.19,55.91,20.16,165.32,43.41,194,51,295.87,317.86,5.69,9.03
47,2.05,27.61,10000.0,57.371,1946,70.48,64.21,24.04,952.79,76.79,252,47,260.59,347.98,4.04,3.97
45,2.17,21.83,10000.0,61.324,8780,73.7,61.05,20.61,417.3,53.36,212,61,290.12,284.27,2.03,1.01
35,1.95,10.66,10000.0,56.997,6244,56.94,59.34,21.11,834.82,39.0,994,55,276.15,334.76,9.79,2.97
19,2.15,13.14,10000.0,56.28,2113,63.49,71.03,24.66,770.22,58.26,677,55,298.23,274.43,3.59,6.34
63,1.5,11.43,10000.0,59.294,360,65.57,60.51,23.36,691.43,83.92,264,56,272.87,339.93,9.23,9.13
22,2.62,14.56,10000.0,54.645,6001,72.56,62.48,23.2,964.22,12.76,162,45,250.12,295.11,8.02,9.4
35,1.65,17.45,10000.0,59.133,237,69.39,66.79,21.8,873.57,87.7,854,47,275.07,257.8,8.01,7.72
43,1.52,25.76,10000.0,47.409,7775,77.53,64.61,23.63,865.79,12.7,218,49,280.51,342.0,8.94,5.48
9,3.11,18.91,10000.0,62.477,1760,69.78,62.87,22.42,268.64,53.86,329,58,291.66,296.56,4.7,7.78
39,3.16,19.06,10000.0,48.889,7957,68.52,71.56,22.99,417.63,49.92,424,39,271.93,254.65,8.52,5.91
31,4.29,12.43,10000.0,77.975,6711,75.7,66.3,22.91,673.46,49.41,806,36,265.36,309.17,1.15,6.23
25,2.67,21.08,10000.0,42.467,6774,71.36,60.41,23.1,87.29,83.57,783,65,280.28,330.13,4.42,9.02
32,3.3,26.79,10000.0,44.738,4139,57.11,68.71,21.64,77.46,58.14,675,68,298.22,339.81,9.09,2.27
61,3.63,21.42,10000.0,52.395,1794,62.74,65.94,22.1,880.97,2.25,410,57,255.31,278.65,3.7,8.31
34,2.93,21.26,10000.0,43.351,2761,61.17,70.44,24.43,245.14,8.31,302,52,268.96,297.77,9.78,4.31
29,2.06,14.93,10000.0,57.335,7042,69.13,70.34,23.21,836.04,62.21,282,65,280.16,257.62,8.81,9.52
59,1.43,28.07,10000.0,63.786,4169,72.49,58.33,21.68,91.03,38.14,572,55,274.17,346.34,2.57,1.27
8,2.55,21.17,10000.0,57.521,654,61.04,63.34,21.64,537.76,57.89,220,70,291.46,266.16,8.59,5.32
64,4.1,18.9,10000.0,72.929,1396,69.85,56.07,22.03,537.66,88.21,315,69,251.02,267.08,7.14,7.99
43,3.64,22.57,10000.0,61.567,3360,62.32,58.91,21.49,107.99,9.49,597,46,274.48,337.2,7.68,6.57
42,2.63,25.96,10000.0,56.289,4292,73.66,69.45,23.99,315.46,48.08,691,54,280.76,313.15,2.6,1.37
12,2.47,21.11,10000.0,42.953,7109,69.9,69.7,22.0,339.63,77.51,863,46,286.43,292.65,5.29,3.79
60,3.41,22.24,10000.0,47.78,9333,59.35,57.99,23.17,764.23,97.63,628,48,286.94,334.12,4.8,4.67
15,4.22,19.83,10000.0,57.614,6155,62.58,56.21,20.89,854.25,11.67,960,51,259.24,268.0,5.09,2.29
13,2.66,20.99,10000.0,59.319,8231,55.21,71.56,23.57,344.85,52.86,388,46,297.9,336.73,7.85,9.3
8,1.64,17.93,10000.0,58.423,3217,71.88,70.8,22.72,220.91,74.61,587,61,277.8,256.67,4.57,1.92
37,3.37,16.43,10000.0,63.979,4668,68.82,67.38,22.19,584.28,87.38,215,47,271.73,347.32,6.56,3.2
27,3.43,19.21,10000.0,56.087,3473,75.38,57.55,24.63,245.58,68.36,220,52,276.34,295.54,8.12,3.0
52,3.21,21.05,10000.0,51.948,8082,76.68,61.96,20.33,315.08,40.7,193,47,272.39,329.33,7.99,9.21
20,3.29,20.74,10000.0,63.392,4994,55.35,71.81,22.57,913.89,38.44,141,40,275.93,283.28,4.94,9.67
34,2.74,16.89,10000.0,44.282,2583,75.45,65.47,22.91,766.35,90.9,805,46,264.99,316.41,4.46,2.73
11,3.3,15.81,10000.0,50.811,6188,63.72,58.14,23.97,517.73,61.52,641,44,251.5,336.85,5.29,2.88
21,2.31,18.85,10000.0,53.138,2277,76.74,59.7,20.29,764.01,61.47,280,38,265.31,312.04,5.65,7.82
36,0.96,24.42,10000.0,73.328,7628,57.39,65.47,23.56,243.86,95.94,700,40,272.92,272.46,6.49,6.99
7,3.61,15.51,10000.0,49.588,8131,72.93,71.83,24.55,548.43,61.05,518,48,285.11,339.11,5.9,2.05
17,3.42,18.28,10000.0,52.473,7238,72.94,59.33,24.87,92.55,24.34,859,48,254.25,323.24,9.66,9.38
19,1.25,21.08,10000.0,48.473,7217,56.98,55.41,21.15,106.58,93.95,985,38,288.18,333.0,6.33,8.82
12,2.1,21.42,10000.0,57.582,3208,66.1,56.95,20.67,299.54,40.64,626,61,263.88,309.72,1.15,4.03
52,2.85,16.96,10000.0,74.035,2079,75.07,69.02,21.31,332.13,49.55,826,56,285.43,348.29,9.25,8.14
3,1.11,20.73,10000.0,63.889,9149,67.55,64.45,24.13,521.98,38.79,725,54,256.33,259.31,9.74,9.82
24,3.49,14.75,10000.0,41.751,5122,67.77,69.37,22.29,610.2,71.27,798,50,277.59,342.87,6.51,3.36
59,3.16,18.9,10000.0,52.51,977,77.22,63.17,21.43,653.57,75.11,524,38,285.29,327.95,6.93,6.35
23,4.04,17.7,10000.0,54.814,8344,59.1,55.24,24.13,494.05,65.52,942,45,259.3,322.58,1.55,5.39
28,4.6,20.19,10000.0,52.943,217,62.4,70.2,24.05,721.88,28.83,563,49,274.35,288.13,4.47,4.14
17,2.25,17.31,10000.0,79.477,19,66.45,60.53,22.37,610.24,89.31,757,65,254.7,292.81,5.46,1.65
55,1.73,20.59,10000.0,60.323,6919,65.63,58.98,21.78,420.64,70.47,598,35,282.14,327.33,3.11,1.83
54,3.23,24.66,10000.0,54.409,4979,64.82,71.15,22.62,581.74,9.55,950,68,287.61,306.82,5.17,5.3
33,1.6,18.34,10000.0,65.423,9468,64.72,58.08,23.98,788.56,99.66,936,36,282.03,261.45,8.32,7.96
25,0.92,14.54,10000.0,77.795,8052,55.45,64.1,21.91,300.18,19.65,377,42,287.99,315.61,5.63,3.4
9,0.11,18.89,10000.0,63.057,2311,71.81,64.58,24.04,651.21,72.64,992,39,268.2,299.55,6.93,6.76
32,1.7,22.82,10000.0,59.234,1260,70.22,59.57,22.23,108.73,34.88,790,38,257.28,313.93,2.72,2.48
18,4.85,19.28,10000.0,62.49,9220,57.56,68.96,20.56,53.79,80.02,247,35,282.96,314.44,8.76,2.12
23,1.97,24.8,10000.0,37.614,3710,73.56,64.88,24.46,413.84,85.89,473,46,274.27,297.29,5.68,8.59
7,0.97,15.41,10000.0,35.834,7038,71.44,62.66,23.18,461.69,45.55,433,43,294.09,261.1,5.25,4.95
48,1.67,22.31,10000.0,54.372,3044,58.03,55.27,21.5,674.5,26.01,926,49,288.88,335.35,4.16,9.78
64,3.95,19.25,10000.0,53.621,2720,69.38,56.68,23.59,175.62,51.57,256,48,254.49,332.18,1.15,3.58
22,2.06,18.75,10000.0,35.329,7634,74.98,61.82,21.27,949.65,32.81,539,55,267.46,343.64,7.83,1.62
39,1.69,24.31,10000.0,49.453,140,68.35,68.37,21.12,743.06,58.12,513,51,278.83,258.46,5.14,6.44
21,4.66,17.1,10000.0,49.618,9594,75.89,67.5,23.48,391.14,78.72,379,62,265.68,288.09,8.37,7.55
10,2.2,16.9,10000.0,69.815,188,57.52,66.43,21.31,377.45,96.87,598,62,272.45,315.24,9.97,6.15
2,3.25,30.35,10000.0,48.294,9974,61.37,60.08,21.53,457.47,12.82,853,69,283.52,273.9,2.65,8.28
21,4.3,19.53,10000.0,71.729,2930,71.45,68.72,21.0,312.06,84.05,707,59,256.65,300.43,9.78,7.82
19,4.04,19.6,10000.0,66.626,8045,68.86,64.73,21.13,614.52,46.01,924,36,256.35,326.37,7.46,4.62
24,3.68,15.02,10000.0,69.526,8845,76.83,66.66,23.02,568.08,51.78,628,38,295.2,338.61,6.2,2.87
20,2.87,22.51,10000.0,56.465,1283,77.68,61.92,24.64,116.07,58.32,905,36,296.01,257.29,3.71,7.74
39,4.32,13.95,10000.0,52.979,7653,57.37,55.35,22.58,813.08,94.95,958,56,284.69,302.86,4.36,4.44
54,1.72,14.74,10000.0,63.303,1968,62.46,58.07,20.72,838.34,49.25,809,59,265.13,346.23,8.4,1.82
11,1.09,21.67,10000.0,45.566,4152,66.69,69.68,24.8,868.63,33.26,671,45,257.11,334.71,1.78,1.98
1,3.98,19.39,10000.0,31.148,7258,68.09,55.47,22.9,895.49,49.11,887,40,270.97,296.28,2.05,5.6
35,2.32,20.14,10000.0,59.949,3190,56.66,62.96,24.23,481.44,7.59,565,42,276.22,325.14,4.3,7.06
29,1.79,23.99,10000.0,59.538,4489,56.02,61.43,22.59,873.84,72.86,799,44,295.15,339.38,5.71,1.17
57,2.08,20.64,10000.0,74.468,7802,70.93,71.63,24.75,477.39,14.53,933,47,281.75,282.85,5.64,6.6
48,2.31,20.84,10000.0,63.669,329,67.64,68.58,23.49,8.22,33.35,186,57,253.18,254.92,5.86,1.17
12,3.46,20.83,10000.0,50.157,124,75.97,59.16,23.24,690.76,37.91,176,52,277.54,264.97,8.62,4.89
53,4.11,17.01,10000.0,54.168,5967,75.65,67.88,23.93,119.02,54.85,415,43,260.48,300.67,1.79,7.43
39,3.14,20.8,10000.0,53.62,3206,59.53,69.11,20.95,93.99,44.59,382,35,251.12,265.01,6.42,6.85
3,3.28,22.42,10000.0,62.292,4532,57.36,68.03,24.81,15.52,43.95,526,46,259.54,255.76,7.1,8.0
44,4.13,22.21,10000.0,47.857,6192,77.92,67.9,23.9,424.27,43.37,991,40,279.5,275.9,4.63,3.34
48,4.15,19.24,10000.0,51.286,7752,55.95,59.83,20.08,434.73,1.38,247,68,285.53,250.57,7.96,3.52
8,3.39,20.88,10000.0,64.919,6061,62.37,56.04,21.85,440.63,37.42,195,63,276.91,345.63,6.94,3.97
37,2.46,24.4,10000.0,55.343,3029,56.77,71.93,24.18,389.93,88.22,221,51,254.14,261.66,8.14,2.98
40,2.93,28.26,10000.0,64.473,8359,62.36,62.81,20.01,691.73,33.37,272,59,294.75,324.85,1.34,4.87
30,2.28,27.57,10000.0,51.355,3476,55.65,65.11,24.11,406.98,75.07,121,50,277.88,260.53,7.69,5.07
2,2.04,16.81,10000.0,60.357,801,55.24,55.66,22.66,21.46,36.93,664,51,252.23,296.56,2.62,9.57
2,3.18,14.63,10000.0,58.657,3167,77.65,68.39,21.71,148.21,35.93,845,62,270.94,309.74,1.07,1.55
23,1.29,13.94,10000.0,57.022,1660,75.1,58.39,21.43,916.73,50.88,275,46,256.65,341.51,9.84,7.62
52,3.2,21.82,10000.0,48.762,6844,62.41,65.58,24.37,932.3,51.66,977,67,253.53,333.84,6.08,9.2
45,1.31,14.07,10000.0,61.884,1033,74.86,64.25,23.15,585.41,29.92,748,63,280.1,312.81,6.11,5.17
28,3.29,15.7,10000.0,46.138,1618,68.32,67.03,23.22,124.92,3.23,404,57,290.46,323.85,8.26,6.83
60,2.56,21.14,10000.0,52.059,3663,76.96,55.34,21.38,816.93,87.11,111,65,270.79,290.85,3.59,5.22
9,2.87,21.46,10000.0,64.41,822,56.66,59.51,24.65,298.22,42.6,544,37,270.86,281.2,6.03,9.15
36,1.2,22.53,10000.0,46.107,6861,67.77,60.12,22.23,334.88,42.98,747,57,274.77,289.24,8.85,5.21
58,3.04,8.13,10000.0,59.834,5582,70.35,58.42,24.57,976.57,7.03,382,41,269.72,340.26,5.73,1.87
35,1.78,21.82,10000.0,60.385,6322,64.36,63.35,20.05,840.38,74.17,849,42,282.84,254.51,5.85,5.73
60,1.04,27.23,10000.0,59.508,8920,71.07,70.55,21.73,968.13,44.9,160,64,272.0,253.12,7.84,1.06
25,2.03,22.07,10000.0,83.006,3688,67.19,61.69,22.24,47.12,52.27,583,43,280.72,285.23,3.96,2.96
43,2.17,23.52,10000.0,42.171,1796,55.95,55.49,24.58,982.95,59.56,869,36,271.02,258.27,7.64,4.25
57,2.59,23.19,10000.0,64.003,8777,68.72,60.2,21.65,431.19,15.94,957,47,298.7,314.17,9.17,8.27
45,0.29,22.52,10000.0,44.351,9887,59.73,58.38,21.07,57.2,23.51,265,68,282.84,258.32,3.36,1.56
43,1.83,21.15,10000.0,56.55,7544,77.97,68.65,21.51,491.35,77.13,522,39,279.97,269.71,1.21,4.62
53,2.22,15.8,10000.0,49.271,3183,56.2,59.44,24.19,499.11,58.53,159,48,261.58,271.31,2.15,1.85
11,1.35,17.4,10000.0,64.144,5646,77.2,68.41,24.56,987.86,34.58,502,48,257.33,296.32,2.45,3.13
14,3.82,24.85,10000.0,72.212,2555,74.3,69.38,24.01,512.77,2.03,726,57,287.99,285.94,3.43,1.86
12,1.7,16.66,10000.0,61.373,3742,64.47,60.3,23.49,147.73,19.48,889,58,296.54,252.3,7.67,3.17
45,3.79,22.86,10000.0,56.524,6606,70.8,68.09,21.49,986.54,62.17,587,41,269.9,334.81,4.44,2.0
52,3.09,20.58,10000.0,62.491,1454,62.64,57.38,21.09,255.55,30.31,525,41,288.52,327.28,5.08,5.19
12,3.08,19.39,10000.0,56.452,4052,67.63,61.06,22.9,244.96,49.39,270,55,259.37,329.45,1.1,9.78
41,2.96,16.09,10000.0,60.933,1731,77.75,60.43,22.56,644.16,99.73,352,69,250.06,268.98,3.82,4.84
23,3.12,21.77,10000.0,66.202,4031,57.94,58.03,24.65,529.11,70.43,901,51,256.86,283.21,6.13,3.41
33,1.16,22.44,10000.0,45.138,6968,67.36,63.84,20.08,810.85,35.51,149,62,260.45,278.6,9.06,8.14
31,1.73,20.7,10000.0,61.177,3886,72.74,57.74,21.35,390.59,47.34,788,40,270.62,315.37,8.57,7.58
2,2.28,25.86,10000.0,56.858,5726,75.64,66.37,24.42,562.9,22.9,413,66,273.41,327.82,3.98,2.29
3,2.4,24.0,10000.0,58.13,9407,68.5,66.75,23.02,476.46,21.43,667,67,287.47,336.83,9.3,3.81
31,3.5,19.51,10000.0,57.015,8133,55.58,64.15,20.24,511.93,3.16,622,41,254.93,266.62,2.7,5.66
33,2.44,24.36,10000.0,71.845,2718,61.35,57.15,22.41,822.61,67.56,239,38,277.94,334.07,2.49,9.75
2,0.76,20.61,10000.0,52.379,2129,68.2,63.02,24.36,585.67,92.67,299,50,253.03,250.07,4.74,1.07
45,2.48,17.41,10000.0,49.112,3900,60.64,57.58,22.26,105.1,19.28,670,46,274.87,274.96,1.49,4.83
24,4.16,15.87,10000.0,62.268,6717,62.64,57.04,22.05,303.31,97.18,903,43,250.85,342.5,6.73,5.08
30,1.4,8.14,10000.0,56.255,5293,55.01,57.13,22.16,473.7,46.18,351,69,255.59,334.77,7.16,5.08
56,1.93,19.62,10000.0,51.193,2655,66.37,62.32,20.74,321.79,74.99,136,40,275.59,295.52,7.08,2.13
35,2.37,22.44,10000.0,54.481,8077,63.28,68.2,22.89,443.45,17.64,779,36,296.96,314.05,4.81,6.05
50,3.4,18.04,10000.0,60.225,3901,72.71,69.55,24.11,511.15,57.8,466,47,276.99,268.41,8.26,7.43
53,2.82,18.4,10000.0,62.575,1754,63.49,59.33,24.67,462.86,13.51,297,56,260.81,258.34,4.46,2.01
47,1.78,20.49,10000.0,69.362,1834,77.26,59.64,22.65,575.75,88.77,542,52,271.99,314.52,1.02,8.93
7,1.96,19.04,10000.0,59.201,9152,60.45,58.47,21.01,644.68,69.24,403,35,291.68,321.25,5.56,5.65
21,0.64,25.28,10000.0,45.796,8210,55.31,60.33,21.4,746.31,74.47,969,66,261.09,298.5,8.91,6.96
43,2.28,20.29,10000.0,41.274,2981,69.35,55.61,22.32,689.34,38.87,311,53,261.64,321.56,8.23,1.92
43,1.55,21.5,10000.0,63.199,1127,66.1,56.0,21.41,472.06,97.0,389,62,254.54,318.22,6.69,8.33
31,3.08,18.73,10000.0,79.338,8245,71.65,69.37,20.79,213.92,48.37,803,57,266.77,324.59,3.48,6.84
26,3.78,22.71,10000.0,49.854,7600,77.05,58.03,23.87,90.91,87.35,245,48,254.05,303.04,2.01,8.95
44,1.28,24.24,10000.0,58.064,6393,63.77,70.89,23.91,612.3,40.11,331,64,253.79,333.89,5.33,6.79
19,2.64,13.93,10000.0,67.575,1292,71.49,59.28,21.91,873.58,53.44,915,51,279.71,336.78,1.89,9.32
17,1.59,29.7,10000.0,54.679,7924,60.24,57.05,21.77,276.91,24.2,551,41,262.87,296.95,9.09,1.74
41,1.95,26.4,10000.0,50.93,6786,64.47,63.51,22.52,508.37,68.14,182,53,299.22,301.12,3.45,8.73
36,1.9,22.82,10000.0,49.601,8293,74.1,60.98,22.32,648.81,48.41,150,52,289.19,311.09,9.24,2.11
52,5.93,14.0,10000.0,48.645,3478,64.75,58.13,24.87,302.95,88.85,873,63,287.21,341.26,9.02,6.81
25,2.35,28.94,10000.0,67.257,8353,73.7,55.28,22.42,297.76,48.84,445,70,288.1,286.24,4.02,8.7
49,3.36,18.53,10000.0,49.029,2272,77.99,69.04,20.5,332.72,57.45,945,35,256.39,279.89,3.03,9.51
14,1.38,19.52,10000.0,43.991,3974,62.31,55.67,24.63,978.43,13.99,450,63,273.37,334.65,1.16,6.43
41,1.8,17.44,10000.0,47.04,7278,60.27,71.88,20.4,747.17,32.08,275,60,265.04,305.61,1.5,6.6
28,2.42,14.0,10000.0,68.764,6072,65.85,56.64,22.86,234.78,28.8,904,43,260.86,343.13,6.77,7.12
22,0.72,16.94,10000.0,72.67,5275,57.56,63.69,21.71,278.28,58.32,359,59,291.4,309.81,5.34,2.81
60,3.65,17.6,10000.0,55.852,8547,70.56,58.99,20.69,697.9,18.37,855,61,266.89,258.91,6.68,9.08
48,2.31,17.6,10000.0,53.081,6959,71.97,62.94,21.75,640.62,82.46,583,55,283.25,256.83,3.52,8.71
58,2.24,9.57,10000.0,51.26,5149,70.13,56.6,21.76,495.28,52.02,897,63,258.13,302.88,4.03,5.42
27,3.75,16.85,10000.0,60.623,1658,64.29,56.56,23.79,465.05,18.91,725,70,253.07,303.7,9.96,3.97
36,1.31,15.14,10000.0,57.769,1142,76.83,71.44,21.65,17.07,48.45,727,53,268.32,337.16,4.94,8.64
6,3.26,24.38,10000.0,39.128,3478,67.94,65.61,21.33,737.07,22.72,608,36,252.04,260.14,2.77,9.32
11,2.57,15.14,10000.0,42.019,7939,72.58,68.51,23.66,931.68,64.85,983,37,274.11,262.33,7.37,4.24
24,2.08,20.89,10000.0,51.686,1737,66.03,60.34,24.77,406.69,22.44,126,52,285.74,276.33,6.05,4.25
44,0.41,17.37,10000.0,55.34,3218,67.11,60.69,21.47,334.87,11.92,354,50,299.72,315.96,9.2,9.61
50,3.27,13.33,10000.0,44.5,9901,68.52,67.72,21.29,989.99,35.38,436,60,261.51,313.98,9.0,8.39
41,1.11,20.93,10000.0,53.933,9011,63.36,57.63,21.13,95.44,54.26,977,69,261.99,287.58,2.8,3.25
37,2.64,21.3,10000.0,61.329,7164,70.27,69.54,23.56,247.68,73.1,943,54,274.59,272.13,4.45,8.57
41,0.64,15.53,10000.0,70.519,891,69.66,60.36,23.07,597.82,62.21,204,39,269.53,327.41,4.62,8.47
10,1.91,22.42,10000.0,55.014,6304,55.48,62.73,23.43,390.64,2.74,595,53,250.67,319.65,9.95,8.91
7,2.2,21.01,10000.0,61.138,7460,68.69,59.87,20.27,324.68,67.98,667,67,264.73,304.94,1.23,6.83
50,2.49,20.02,10000.0,52.349,2032,63.78,59.8,22.34,834.79,30.32,569,42,290.27,316.73,7.55,5.62
37,2.87,17.16,10000.0,64.346,1334,59.34,66.28,22.22,362.35,10.08,548,54,275.56,319.37,9.36,1.92
60,2.14,13.98,10000.0,56.179,1055,68.68,60.28,22.34,959.6,14.55,572,35,271.68,327.34,5.8,8.1
60,2.05,21.44,10000.0,63.766,2030,57.04,71.71,24.46,985.55,13.07,696,57,256.37,345.15,8.91,6.54
14,4.17,17.3,10000.0,63.721,5847,74.31,66.26,21.89,948.39,53.39,973,53,263.55,289.72,6.11,4.06
39,4.34,16.78,10000.0,50.307,2401,68.22,59.26,24.92,478.62,78.08,713,41,250.31,320.56,1.64,6.66
55,2.68,19.31,10000.0,46.677,8528,66.65,68.53,20.29,54.32,94.49,965,37,274.36,345.45,4.01,3.98
5,1.8,15.92,10000.0,54.663,1244,65.87,70.2,24.49,675.71,84.66,428,40,294.8,282.27,5.53,7.0
33,1.33,19.65,10000.0,81.921,3005,64.99,67.23,23.43,219.23,75.36,608,57,282.91,311.96,6.94,8.58
44,2.57,18.31,10000.0,45.12,7201,61.65,64.43,20.7,444.33,84.9,471,45,266.25,275.37,7.8,1.62
64,3.23,20.49,10000.0,48.041,7081,71.18,67.93,24.1,704.32,70.31,876,48,272.43,337.77,2.79,2.36
12,2.79,21.14,10000.0,43.218,7302,63.29,68.48,21.31,875.49,19.57,796,61,286.46,259.45,1.93,8.16
40,3.21,15.65,10000.0,67.727,7473,59.13,63.18,23.34,730.56,13.56,137,67,268.67,256.73,8.8,8.22
38,3.05,20.05,10000.0,66.716,3425,64.33,64.27,20.69,876.93,18.92,918,47,291.25,301.62,6.0,5.74
45,2.93,19.55,10000.0,61.923,8470,62.79,60.92,21.86,562.37,63.85,981,46,250.38,330.03,2.55,1.99
42,2.93,21.04,10000.0,74.661,1338,59.67,70.3,23.85,415.97,20.67,340,38,289.51,318.59,2.41,1.54
7,4.0,14.92,10000.0,53.888,5640,74.11,66.67,20.92,538.12,31.1,647,65,256.6,334.89,1.69,7.26
48,4.43,16.68,10000.0,46.338,3845,65.04,62.64,21.32,750.52,19.59,925,39,281.62,255.94,2.41,7.22
29,0.93,22.64,10000.0,52.019,8311,62.4,67.93,24.58,779.29,51.69,184,57,271.81,315.27,1.78,8.9
24,1.45,29.94,10000.0,53.916,651,66.22,57.4,24.56,689.67,45.82,764,44,283.89,308.49,9.31,5.11
25,3.12,26.55,10000.0,53.359,5318,62.62,66.98,22.72,516.01,16.64,833,37,289.82,288.07,5.5,3.05
48,1.37,24.03,10000.0,52.248,8523,56.42,70.24,22.52,644.22,40.47,807,48,260.09,310.01,8.45,6.52
54,1.5,22.09,10000.0,52.807,8610,56.42,68.39,22.09,79.04,65.87,511,45,276.03,349.39,9.23,8.77
55,1.35,22.2,10000.0,52.577,1375,68.83,58.19,22.43,549.23,40.3,750,45,285.75,285.49,7.58,1.48
42,1.72,23.71,10000.0,72.519,4038,60.39,68.69,22.32,265.34,14.96,282,37,274.34,291.37,8.98,2.53
58,1.29,20.16,10000.0,81.632,5329,76.42,61.93,21.91,517.31,29.34,970,60,290.01,348.23,3.78,6.23
12,1.95,16.78,10000.0,58.802,522,64.5,71.48,20.4,610.37,71.58,155,70,265.76,317.76,5.81,9.51
39,3.01,20.64,10000.0,76.837,6749,67.2,65.95,23.08,897.52,62.83,712,54,260.06,337.01,8.78,6.51
57,2.27,20.31,10000.0,58.353,769,63.15,59.7,22.27,267.57,3.24,908,43,268.14,260.31,7.95,1.22
57,3.66,19.8,10000.0,55.543,356,77.66,71.76,24.5,370.28,16.17,363,53,263.05,259.13,3.58,4.4
6,2.79,22.13,10000.0,44.088,1492,74.53,59.36,24.23,95.23,51.04,413,38,290.94,316.55,1.83,8.6
35,2.26,23.01,10000.0,58.665,9270,77.23,67.06,20.69,431.56,79.59,621,57,258.72,325.5,6.72,7.85
46,2.84,22.09,10000.0,70.99,1812,65.33,61.35,21.12,430.8,3.84,859,67,267.19,256.29,2.72,9.49
28,1.49,19.09,10000.0,75.564,2476,74.73,60.2,21.14,583.01,10.45,973,54,298.53,321.09,3.43,2.66
28,3.79,21.07,10000.0,51.188,4683,72.76,55.51,22.17,986.48,44.21,577,70,285.51,296.17,7.68,1.57
7,2.85,24.22,10000.0,61.906,8013,65.16,58.83,21.94,361.14,28.36,926,41,279.5,336.63,7.17,6.54
3,1.42,21.77,10000.0,51.842,8843,67.64,64.93,21.72,189.37,15.55,144,35,276.33,319.73,7.29,1.35
38,1.39,22.93,10000.0,57.43,7291,70.86,59.68,22.88,334.12,70.56,500,63,260.46,341.88,8.72,6.41
32,1.55,26.07,10000.0,65.159,6177,73.15,68.88,20.19,631.01,66.64,624,48,255.84,290.56,9.35,5.51
19,1.35,21.34,10000.0,55.001,730,57.57,58.45,24.81,745.97,87.49,669,66,250.72,340.13,4.85,6.83
2,1.98,15.91,10000.0,52.02,7621,56.68,63.97,23.8,626.38,70.64,628,50,281.89,295.72,6.74,3.05
40,1.97,22.9,10000.0,73.732,1619,61.77,69.07,20.95,550.57,79.83,415,65,254.03,268.95,5.08,8.1
23,2.33,14.06,10000.0,58.208,661,74.35,55.94,24.44,198.47,17.52,703,53,285.23,268.16,1.27,4.45
1,1.49,13.09,10000.0,74.011,7887,69.29,57.31,24.55,651.74,62.09,171,39,289.08,296.61,2.32,7.57
60,2.2,21.8,10000.0,61.234,2669,66.18,60.28,22.52,161.04,32.6,435,38,291.17,260.18,7.63,9.85
42,3.18,20.22,10000.0,50.518,2967,62.57,70.39,23.76,627.9,4.61,253,46,256.95,329.86,1.08,2.88
54,1.39,15.74,10000.0,51.569,8736,59.74,66.26,24.78,46.42,21.35,534,41,260.53,305.27,9.07,7.54
56,2.17,17.66,10000.0,64.114,6994,65.85,59.02,24.74,584.43,35.52,540,70,289.68,300.98,1.13,6.1
6,2.33,16.46,10000.0,57.938,2287,62.21,56.41,24.9,799.71,2.63,161,57,277.26,302.99,5.97,3.76
12,1.4,25.75,10000.0,44.693,4929,59.21,64.8,21.58,452.01,83.12,525,45,253.25,349.02,5.76,8.82
27,3.08,10.48,10000.0,68.484,4973,76.31,65.26,24.61,864.01,15.55,346,48,255.71,285.84,6.04,7.74
54,3.03,16.64,10000.0,55.852,9555,65.82,60.41,22.23,406.73,46.92,721,58,292.26,295.27,4.71,2.72
9,3.29,15.42,10000.0,43.922,7853,64.23,65.23,21.77,781.43,13.14,975,70,270.91,295.02,5.59,2.92
40,1.88,19.87,10000.0,59.48,4002,56.13,67.76,21.17,691.4,61.03,163,54,255.37,253.67,1.86,7.68
17,3.14,16.65,10000.0,54.893,5532,67.08,64.52,22.92,131.63,19.01,637,48,280.83,312.89,4.22,7.25
17,1.9,18.86,10000.0,73.339,7113,65.29,62.38,22.16,804.26,10.61,806,65,299.62,290.07,1.24,1.5
20,2.2,24.12,10000.0,57.492,7970,63.69,59.17,22.03,827.94,20.29,228,48,259.02,338.18,9.61,4.81
46,2.69,21.45,10000.0,36.937,6043,72.57,69.67,23.09,362.56,69.37,224,70,299.45,320.4,5.11,3.55
44,0.24,17.97,10000.0,69.423,5988,68.63,67.79,21.92,690.39,69.0,794,52,294.8,290.41,2.78,4.04
16,1.97,21.63,10000.0,59.503,3050,59.28,67.68,21.71,860.07,52.02,384,65,258.5,327.0,6.32,5.66
10,3.76,14.46,10000.0,68.643,2615,76.75,59.96,21.47,202.64,82.43,422,36,278.76,327.72,4.46,6.52
30,2.98,20.32,10000.0,59.718,4698,67.17,67.31,21.67,113.71,20.83,498,47,264.22,336.33,1.15,9.93
64,3.45,19.81,10000.0,33.404,6650,58.68,59.23,23.11,465.37,62.57,278,36,297.98,272.26,10.0,8.4
58,2.58,23.89,10000.0,51.873,9485,69.89,57.75,21.85,289.41,80.88,195,67,277.13,274.09,7.48,2.22
11,0.54,24.27,10000.0,57.255,2330,59.36,66.4,21.05,17.51,23.65,764,40,296.36,284.92,2.96,5.83
4,3.53,24.5,10000.0,42.82,8554,59.38,55.27,20.89,509.76,76.37,314,40,295.9,256.81,5.12,3.25
7,1.44,14.46,10000.0,51.361,6001,70.95,59.74,23.21,566.76,41.33,586,40,286.91,316.43,1.56,9.27
46,2.12,14.61,10000.0,50.706,1499,74.71,71.21,22.95,226.07,34.78,127,38,261.26,295.62,7.82,7.1
41,1.97,23.38,10000.0,48.907,6457,68.63,66.35,21.21,765.95,77.99,638,59,275.92,335.06,4.78,4.4
49,2.4,23.81,10000.0,65.33,4394,71.07,58.19,20.64,658.43,25.1,816,67,296.48,326.64,3.32,6.3
25,2.32,20.02,10000.0,63.475,3413,63.9,55.94,20.27,748.52,11.84,676,41,264.06,304.53,5.86,8.05
30,1.34,21.67,10000.0,62.059,1865,71.94,68.49,20.08,30.04,67.04,363,42,253.85,326.32,3.48,4.08
13,1.11,18.13,10000.0,53.317,3492,60.56,60.19,23.13,235.8,63.21,136,35,280.82,270.51,6.11,2.2
5,3.06,20.1,10000.0,70.443,9235,60.54,62.52,22.63,494.37,55.69,913,69,261.03,273.39,7.53,6.53
39,3.19,13.04,10000.0,58.776,217,55.9,55.94,22.89,369.77,46.95,738,52,293.11,312.18,3.56,4.44
56,2.56,18.76,10000.0,66.054,5649,76.1,62.91,21.33,795.26,60.23,109,66,296.76,296.62,1.7,7.65
41,4.01,24.04,10000.0,62.03,1098,56.31,60.79,21.99,922.27,95.15,932,42,272.58,320.3,5.67,6.95
41,3.15,25.51,10000.0,56.615,4152,57.06,61.04,23.69,674.01,59.6,667,54,277.41,303.09,8.8,9.96
56,3.52,18.3,10000.0,51.895,1656,77.97,67.0,20.07,268.78,49.71,961,55,278.65,313.67,7.18,2.75
41,2.95,26.14,10000.0,68.471,6466,64.84,60.89,20.86,429.78,36.66,941,37,282.76,332.38,4.44,3.87
5,4.27,23.49,10000.0,40.259,7366,62.32,64.45,22.9,177.75,55.04,835,62,299.32,334.03,6.01,9.21
41,0.74,13.06,10000.0,61.949,9631,77.66,70.1,21.32,114.86,58.54,771,43,267.31,335.39,3.48,2.72
44,1.27,18.31,10000.0,56.883,2775,65.29,65.98,21.09,329.96,85.72,370,41,261.1,320.56,9.54,8.28
34,3.49,17.01,10000.0,64.926,9051,75.54,70.59,21.68,54.73,22.76,475,41,290.38,317.7,4.59,2.08
34,2.98,23.39,10000.0,75.522,7280,60.24,70.18,20.07,142.0,34.16,990,66,260.83,280.52,1.45,5.32
63,1.95,27.05,10000.0,36.082,7602,62.51,58.67,23.89,779.39,98.25,179,62,265.92,333.25,5.51,6.65
7,2.44,22.68,10000.0,68.712,9706,72.31,63.42,22.24,39.08,80.88,346,53,276.25,315.12,2.13,3.65
50,4.04,18.48,10000.0,64.722,3932,71.51,69.04,20.22,970.44,51.66,160,44,289.13,281.6,9.95,5.82
13,3.75,25.2,10000.0,53.576,4061,55.04,55.69,22.12,79.91,53.65,441,65,276.53,252.32,1.24,5.32
45,2.54,21.85,10000.0,63.844,1743,61.7,65.25,22.61,289.99,46.21,459,52,291.99,313.28,3.15,5.97
20,3.42,20.9,10000.0,51.746,1911,75.69,63.11,20.41,667.77,67.69,243,66,293.14,302.91,2.59,4.24
3,3.05,14.54,10000.0,72.142,4812,75.06,65.16,24.41,261.21,90.3,446,47,292.42,261.53,5.43,3.47
43,2.15,19.45,10000.0,69.363,1882,76.4,70.29,24.51,85.31,91.13,786,43,298.22,266.97,6.45,7.11
31,2.43,19.36,10000.0,89.602,4421,77.74,69.96,21.52,875.86,52.5,329,67,278.89,306.33,2.67,1.34
19,3.6,15.06,10000.0,71.002,5454,70.91,66.12,24.28,120.82,15.64,934,49,255.6,253.65,6.57,4.13
61,3.0,23.33,10000.0,64.995,6712,73.19,57.8,22.17,348.78,96.55,228,43,290.74,302.67,9.2,7.85
56,2.36,23.73,10000.0,66.407,8433,69.69,60.31,23.67,565.93,26.89,182,43,295.81,276.31,3.47,1.72
38,1.96,19.22,10000.0,54.415,5467,60.58,63.45,23.93,903.17,28.23,209,65,266.9,287.95,7.75,5.61
41,1.56,18.06,10000.0,44.332,2640,67.67,55.61,23.6,613.04,32.04,892,57,263.39,336.57,1.52,7.39
32,1.52,22.1,10000.0,56.519,7273,76.74,58.27,24.96,363.92,5.02,967,70,276.33,266.38,1.82,1.16
54,3.25,17.58,10000.0,66.07,9902,55.05,67.62,21.41,746.88,20.75,913,53,282.68,298.62,3.4,4.31
38,1.77,20.49,10000.0,56.726,982,60.89,69.87,24.46,80.69,36.29,311,64,257.39,301.32,2.84,1.43
8,3.04,13.64,10000.0,58.578,1691,62.8,56.63,21.13,999.89,27.52,736,38,291.92,258.94,9.37,3.92
55,2.43,25.61,10000.0,54.797,7617,62.49,71.84,22.74,167.84,90.56,671,60,296.85,338.53,9.91,4.71
53,1.22,18.47,10000.0,65.493,9387,68.3,56.93,23.09,120.32,7.12,552,59,250.55,274.69,3.2,2.34
23,1.5,20.14,10000.0,66.167,757,73.26,71.14,20.84,180.38,40.42,313,47,262.68,298.61,8.47,7.19
6,1.75,23.33,10000.0,49.413,1013,60.0,69.12,20.16,614.7,74.18,798,64,251.19,296.28,4.75,9.72
18,2.78,16.98,10000.0,50.87,2432,62.36,68.08,21.02,74.8,95.55,715,63,268.85,304.8,1.58,1.58
60,0.91,14.98,10000.0,54.162,7652,67.65,56.89,20.51,735.78,97.55,846,65,284.83,256.32,3.75,2.67
34,1.93,13.76,10000.0,50.37,8756,62.54,61.52,24.75,120.09,80.83,771,66,262.89,257.26,6.89,2.07
61,2.81,18.26,10000.0,46.862,7886,73.61,62.75,22.4,113.19,40.91,425,53,278.06,328.83,4.05,6.32
33,4.39,20.89,10000.0,44.298,2772,64.41,58.44,24.91,925.8,70.05,122,67,250.75,337.84,2.31,7.17
33,2.66,23.31,10000.0,58.874,4017,73.67,59.84,24.14,420.21,74.76,683,40,275.79,331.42,2.63,7.69
38,1.21,12.5,10000.0,65.853,1041,76.41,63.29,21.51,804.01,54.92,444,67,288.15,323.36,6.26,7.5
45,4.08,25.63,10000.0,61.453,5299,77.15,60.21,23.0,136.13,49.78,120,60,293.2,349.31,9.74,7.07
52,3.72,16.06,10000.0,65.633,8610,62.69,62.32,21.5,717.53,78.24,375,65,293.4,257.64,5.71,3.71
19,1.71,20.88,10000.0,41.962,2497,75.96,66.15,20.55,964.36,89.89,289,67,264.51,289.3,1.8,2.3
22,2.5,22.58,10000.0,55.657,5528,72.18,64.14,22.73,80.59,24.42,288,40,298.88,270.27,1.57,4.98
39,3.51,24.3,10000.0,47.721,9466,72.97,57.26,20.64,728.23,96.96,952,55,261.14,307.39,9.35,3.08
58,2.95,21.85,10000.0,64.001,2244,75.26,55.59,23.71,322.24,67.24,292,42,276.91,257.15,5.2,2.6
9,3.57,27.06,10000.0,69.835,3482,76.48,56.59,21.47,142.67,16.92,375,57,292.66,312.89,8.92,6.73
4,3.34,12.38,10000.0,60.087,8650,69.29,60.87,23.24,768.79,40.63,134,70,289.63,295.08,6.62,2.65
6,3.03,21.74,10000.0,63.36,6821,61.51,55.3,20.81,513.52,23.31,995,46,283.61,336.59,1.32,1.6
35,0.98,20.72,10000.0,38.456,7829,76.7,60.45,24.89,82.02,39.59,953,39,298.73,286.31,2.4,5.28
42,2.92,25.9,10000.0,48.602,4433,55.19,55.0,24.82,326.17,62.13,497,60,280.33,266.33,4.73,5.66
25,2.58,21.08,10000.0,44.96,9426,60.36,58.43,24.53,212.23,54.6,968,64,291.66,267.93,8.06,5.17
40,1.61,18.81,10000.0,47.602,2320,68.39,60.07,21.02,543.71,34.49,235,57,270.0,280.37,4.36,5.06
37,0.39,21.8,10000.0,62.063,9890,75.29,65.5,23.21,940.43,47.66,393,43,255.9,272.6,6.82,2.5
63,2.09,30.94,10000.0,59.36,1064,55.64,67.89,20.98,802.77,83.31,488,61,252.44,343.64,7.91,3.82
14,1.76,22.16,10000.0,49.799,6856,71.2,69.01,20.88,3.29,42.99,983,53,292.02,307.03,2.06,6.7
23,1.77,22.31,10000.0,87.93,1922,64.01,60.66,24.0,871.94,39.85,475,70,281.0,264.05,5.06,8.69
9,2.59,16.08,10000.0,43.399,8935,69.29,62.98,20.18,905.06,34.27,974,63,289.21,265.98,6.27,7.3
17,3.63,18.9,10000.0,49.376,9111,60.3,67.11,20.29,253.27,94.22,557,48,299.19,251.04,9.51,2.42
11,1.21,15.96,10000.0,69.443,4359,73.26,63.41,21.42,637.24,41.37,106,40,280.76,313.41,6.79,9.47
42,4.14,17.65,10000.0,49.136,8192,72.21,63.28,23.71,21.26,43.17,455,59,287.14,336.06,6.91,1.97
60,1.93,21.55,10000.0,56.348,2339,55.88,57.89,20.18,60.38,88.64,354,46,256.56,349.0,1.58,6.06
24,1.99,26.3,10000.0,56.061,1640,72.37,68.94,23.06,108.94,79.72,619,69,254.56,253.47,9.59,4.16
55,1.87,15.2,10000.0,48.63,4405,55.77,59.86,22.19,141.57,55.73,901,36,286.53,317.64,9.6,8.15
41,3.06,25.91,10000.0,43.585,8971,64.89,66.92,23.65,227.02,5.76,189,63,297.9,294.75,1.56,4.42
14,2.07,20.88,10000.0,63.779,1274,55.62,71.52,23.95,617.4,68.94,473,53,269.02,329.57,8.4,2.32
47,2.37,22.52,10000.0,58.927,6044,65.85,56.9,23.4,424.49,22.35,835,59,264.63,305.73,2.63,5.57
19,1.55,16.3,10000.0,50.775,3560,76.0,58.98,21.32,693.18,99.81,800,61,258.22,337.07,2.13,4.18
34,2.78,16.19,10000.0,75.521,4625,57.89,64.97,21.68,530.18,8.73,103,67,286.77,307.75,7.31,4.32
33,2.96,22.05,10000.0,73.515,9340,60.45,64.34,20.98,818.89,30.85,172,38,291.97,284.04,5.57,4.77
48,3.68,27.05,10000.0,58.395,1875,63.68,67.75,21.63,673.39,36.7,214,60,258.9,335.16,6.93,7.59
56,3.13,16.69,10000.0,55.33,2878,70.7,57.08,23.3,4.82,23.24,874,70,257.18,255.14,9.05,7.52
7,1.61,25.2,10000.0,71.451,2195,70.91,68.36,21.09,870.22,46.33,337,62,257.26,340.6,9.48,4.98
53,1.06,19.78,10000.0,72.076,7555,71.53,68.11,24.49,917.99,91.31,809,69,276.57,279.55,6.89,1.1
17,1.03,20.87,10000.0,51.391,1433,69.59,60.94,23.32,735.51,6.52,452,50,262.49,329.55,1.45,2.57
50,0.94,14.09,10000.0,58.069,6281,61.0,56.52,21.38,815.92,57.82,770,56,283.82,272.03,4.41,8.24
10,1.89,25.57,10000.0,72.059,4574,77.05,61.0,22.15,165.84,64.33,846,61,261.67,258.55,2.44,9.4
54,2.22,25.02,10000.0,37.365,5848,65.15,57.43,21.19,920.93,45.25,494,65,259.3,281.09,9.77,6.63
4,3.27,16.32,10000.0,40.725,7978,73.61,56.11,24.47,239.46,7.55,224,35,293.75,281.61,7.64,7.77
38,1.1,14.3,10000.0,58.63,6040,56.71,71.44,23.74,322.77,11.26,629,51,267.99,288.34,8.98,9.0
45,2.91,24.55,10000.0,83.85,7590,64.91,64.8,21.12,264.48,34.33,200,46,256.3,315.68,5.29,5.69
2,1.42,17.28,10000.0,53.385,6158,74.89,64.98,23.17,160.43,53.0,873,36,287.23,329.53,3.92,5.67
38,2.17,15.98,10000.0,76.654,7056,71.71,55.63,20.87,91.79,12.38,183,55,277.56,295.77,4.46,8.63
21,3.21,18.42,10000.0,36.61,5403,58.31,69.76,24.54,626.34,46.16,467,53,275.97,281.01,5.58,4.94
8,1.07,15.91,10000.0,57.488,9483,59.72,59.54,20.52,134.55,56.81,249,52,262.69,251.76,4.91,4.4
31,1.01,16.57,10000.0,63.651,5596,57.75,69.84,23.61,415.56,91.17,500,38,278.64,252.32,4.49,3.09
19,4.03,23.63,10000.0,45.796,7441,68.92,66.45,22.19,805.53,51.59,980,38,277.68,303.03,5.67,2.45
27,-0.11,21.48,10000.0,69.972,711,67.55,57.49,23.5,196.14,66.83,408,52,259.04,283.24,4.19,6.97
40,2.12,20.51,10000.0,48.9,2969,57.01,62.7,20.07,637.47,69.2,973,59,250.89,278.9,7.51,7.5
53,2.64,20.28,10000.0,69.549,3483,68.6,63.65,24.03,737.51,60.87,292,58,296.24,329.43,1.03,6.06
14,2.55,21.94,10000.0,60.313,9230,72.14,69.55,24.52,648.68,68.08,913,66,254.08,345.86,5.08,7.19
30,2.92,21.83,10000.0,49.014,7035,69.6,65.18,22.27,199.29,76.41,368,65,295.73,302.17,8.73,4.57
31,1.95,25.14,10000.0,54.983,19,74.14,60.48,23.95,587.16,7.1,181,53,269.52,271.27,4.68,9.93
59,0.96,26.71,10000.0,52.282,6364,71.7,69.66,21.94,302.85,50.22,265,37,286.18,331.18,4.52,4.37
61,4.0,22.58,10000.0,62.357,248,63.27,64.71,24.51,204.54,4.84,423,59,277.29,270.53,4.49,5.34
53,1.81,23.31,10000.0,62.983,978,61.31,63.29,21.14,186.69,1.81,482,35,279.51,282.01,8.39,9.51
4,3.91,19.8,10000.0,65.404,4381,65.14,61.25,23.93,76.93,33.63,446,60,259.09,334.38,5.95,8.15
16,1.87,16.0,10000.0,38.836,7835,61.6,64.78,24.9,85.9,48.94,724,49,253.1,279.65,7.91,8.96
59,2.67,25.49,10000.0,67.114,565,62.83,57.4,23.23,597.52,14.33,310,56,266.74,345.98,5.68,9.09
1,3.85,17.91,10000.0,57.839,5236,55.92,61.39,22.17,527.54,96.87,819,62,296.95,250.22,4.54,3.47
14,3.47,25.14,10000.0,60.815,8971,74.39,56.75,23.44,953.81,73.46,137,48,261.02,339.65,7.05,9.58
43,0.58,20.33,10000.0,54.157,7691,77.49,70.27,22.15,213.12,25.56,329,37,274.2,325.88,1.41,6.58
29,1.7,18.27,10000.0,67.071,2908,62.89,71.99,24.44,596.99,6.15,130,67,282.76,259.89,4.38,1.63
5,2.71,17.26,10000.0,36.485,5086,60.51,62.13,22.65,874.02,87.08,225,54,259.54,281.54,3.66,6.88
22,1.36,20.77,10000.0,57.096,5706,62.0,61.39,22.64,740.58,62.7,225,59,260.89,335.97,9.42,9.88
34,2.82,25.57,10000.0,58.982,203,76.01,70.54,20.52,115.3,6.73,657,35,292.65,265.29,3.62,4.59
54,2.63,18.76,10000.0,65.868,739,58.47,56.31,20.4,405.7,63.0,554,46,272.5,314.05,3.57,6.72
53,2.32,19.7,10000.0,62.517,3903,59.77,55.99,24.94,439.41,69.68,318,52,263.5,258.48,4.24,5.32
18,1.8,19.76,10000.0,46.574,1920,76.02,70.42,24.49,718.43,84.23,716,60,292.82,307.18,9.89,5.59
10,3.36,13.83,10000.0,68.354,9090,75.88,62.51,20.28,262.18,1.64,899,67,260.41,285.06,7.68,9.69
50,1.92,18.74,10000.0,70.228,6250,65.44,71.47,20.82,145.76,76.91,760,67,287.17,318.56,1.62,4.06
62,1.52,19.16,10000.0,74.485,7047,60.13,64.29,23.23,81.8,70.03,566,48,253.21,262.8,6.55,8.97
61,4.52,26.1,10000.0,41.927,1758,59.14,60.65,22.36,466.2,83.19,339,48,297.48,347.41,7.14,3.14
5,2.99,24.18,10000.0,67.819,9561,72.58,65.89,24.78,358.14,72.31,296,37,263.98,331.41,9.95,7.75
6,3.11,26.92,10000.0,50.135,5644,57.35,68.54,20.7,760.33,31.41,284,65,250.82,277.0,5.7,1.49
30,2.03,15.85,10000.0,48.564,2699,60.61,58.84,23.31,72.81,75.63,497,64,291.7,292.78,7.5,1.18
47,2.85,22.39,10000.0,44.498,4017,73.11,67.08,21.66,287.7,32.13,456,46,268.83,283.93,9.96,1.46
5,1.44,18.44,10000.0,57.514,1834,74.72,68.4,22.28,790.5,29.65,980,54,273.04,266.35,7.18,9.6
57,1.97,15.78,10000.0,50.995,6814,57.33,70.44,22.15,146.03,73.03,739,59,279.58,257.91,4.24,4.4
50,1.76,18.42,10000.0,50.849,418,66.21,67.84,20.23,298.85,8.99,417,66,265.57,255.3,1.59,9.39
26,3.51,17.47,10000.0,43.288,3352,68.82,68.86,21.1,21.21,84.21,1000,69,297.3,305.91,9.6,3.55
59,3.37,23.39,10000.0,59.127,6514,63.4,67.02,20.26,960.92,95.13,800,42,264.76,311.69,6.05,2.44
37,1.34,18.34,10000.0,60.799,3632,67.02,58.31,23.44,341.0,63.67,619,48,295.2,333.6,7.42,4.87
45,2.39,10.18,10000.0,65.69,2151,59.44,59.08,20.05,646.68,23.45,205,58,256.42,281.18,1.32,6.98
49,3.0,17.97,10000.0,44.656,4150,65.63,57.6,24.9,686.91,98.35,695,49,252.41,343.52,6.45,1.37
59,3.47,26.3,10000.0,66.659,5202,71.85,67.56,20.14,211.16,46.19,445,65,292.88,300.44,7.69,3.45
32,1.78,22.84,10000.0,69.421,1809,73.2,69.05,20.24,983.49,22.98,574,63,289.31,329.52,6.03,9.74
13,3.68,14.96,10000.0,71.98,6451,58.85,68.44,24.77,64.55,12.71,136,39,263.14,272.48,6.19,1.91
27,0.32,22.83,10000.0,46.722,8151,73.68,60.6,24.08,391.02,6.48,195,57,295.36,279.09,5.56,2.26
34,2.31,21.63,10000.0,54.321,9327,58.6,68.85,21.96,464.14,32.85,417,54,264.66,271.22,3.24,6.18
21,2.7,26.31,10000.0,73.373,8388,55.64,55.15,22.75,55.01,46.33,138,57,296.65,327.22,7.09,4.01
4,3.21,14.81,10000.0,50.505,9865,65.37,56.86,21.33,985.97,58.03,745,64,251.56,291.75,1.14,1.01
43,3.92,18.88,10000.0,51.664,3132,61.34,62.69,21.4,569.27,19.67,279,55,263.78,295.37,5.84,8.16
31,1.61,16.56,10000.0,44.342,3506,57.5,66.83,24.33,914.57,94.81,401,42,281.34,302.32,2.27,9.27
40,0.47,20.64,10000.0,51.917,8348,67.94,66.03,22.45,54.08,99.07,139,35,293.62,284.69,9.25,5.44
63,2.09,18.41,10000.0,65.615,7787,67.27,67.32,20.78,763.37,13.92,648,41,297.0,294.3,4.63,4.89
48,2.46,16.84,10000.0,55.795,2587,60.06,67.06,21.59,856.32,59.71,129,51,285.01,307.68,1.82,2.96
8,1.98,24.32,10000.0,50.279,1813,70.42,66.03,23.1,678.09,71.51,499,53,273.74,269.24,1.35,9.79
47,2.32,22.54,10000.0,39.296,2476,61.25,58.95,21.77,482.88,52.37,533,50,287.99,300.18,1.37,9.93
20,1.47,24.04,10000.0,61.982,7675,61.07,68.13,23.75,649.19,29.0,275,42,251.46,263.49,4.39,8.33
7,3.62,20.7,10000.0,55.472,5566,73.81,59.82,20.94,917.85,77.06,950,58,289.32,305.55,7.4,2.31
28,3.37,21.8,10000.0,56.382,8706,59.56,70.57,23.42,209.88,5.79,522,68,280.01,342.85,2.47,9.09
23,1.64,19.82,10000.0,38.845,203,72.0,67.82,22.61,967.44,49.35,539,40,290.71,256.65,2.94,3.3
57,1.24,17.7,10000.0,69.425,4505,59.38,70.21,24.91,344.88,10.61,842,62,270.51,323.26,3.91,3.85
52,1.13,14.96,10000.0,55.325,1542,58.14,59.12,20.46,824.61,68.73,134,48,285.92,324.08,8.03,3.94
28,2.4,23.25,10000.0,43.582,7545,64.87,67.16,20.84,19.71,49.19,606,53,262.45,349.9,4.01,2.7
61,2.06,15.97,10000.0,48.46,8810,67.47,69.18,24.14,153.99,15.61,332,48,279.8,269.19,8.37,8.75
35,2.35,14.25,10000.0,42.592,6139,71.77,67.86,22.45,115.48,52.19,133,44,294.44,305.06,5.67,1.52
48,2.25,15.96,10000.0,57.734,2979,58.47,63.01,21.77,575.36,23.24,889,59,265.06,296.19,5.12,5.02
8,2.16,22.31,10000.0,78.953,2317,58.04,60.1,20.56,47.3,7.45,729,36,266.78,308.15,8.34,5.97
5,2.59,19.62,10000.0,50.019,3713,72.13,56.06,22.72,499.64,53.13,823,45,293.79,336.07,9.82,4.12
2,0.65,15.8,10000.0,55.736,3052,55.56,68.55,21.94,306.17,41.81,589,61,268.06,347.94,2.27,4.4
55,2.28,17.88,10000.0,71.425,2690,76.7,71.44,20.35,288.21,34.36,802,66,288.2,342.95,9.14,5.01
6,2.15,19.0,10000.0,48.169,1611,68.03,59.63,23.19,552.24,76.27,649,36,294.94,287.62,6.78,6.81
10,1.86,16.92,10000.0,62.02,9496,68.46,61.22,22.77,771.34,24.21,598,69,263.62,252.33,2.2,4.85
34,2.34,17.91,10000.0,67.758,3036,58.67,65.32,23.64,679.44,45.05,664,55,270.58,323.08,3.13,8.87
22,2.86,24.83,10000.0,61.011,7821,73.37,67.67,24.56,260.1,46.78,741,46,254.79,251.93,2.78,4.4
17,2.5,14.9,10000.0,61.959,9831,56.5,69.29,21.54,777.02,75.49,532,56,252.28,334.14,9.52,6.95
52,1.8,15.75,10000.0,57.913,6986,58.52,68.39,24.9,414.93,36.88,109,69,273.83,333.35,5.98,1.99
18,3.88,20.26,10000.0,48.464,255,60.2,68.96,22.73,330.77,65.48,666,37,253.06,328.68,3.78,8.56
22,4.6,23.21,10000.0,72.924,31,64.78,67.67,22.18,976.62,98.35,360,47,269.01,329.8,2.61,2.23
53,2.86,13.26,10000.0,38.641,6657,67.72,61.01,20.12,328.53,32.31,800,57,260.61,303.52,1.46,9.96
61,2.46,21.07,10000.0,61.834,4330,64.03,69.63,21.36,147.48,83.07,829,37,266.85,326.47,2.35,3.79
51,2.16,18.52,10000.0,71.198,3980,61.68,58.73,21.06,957.51,51.58,906,61,259.74,300.38,1.9,8.48
62,2.2,22.11,10000.0,66.536,1307,55.01,69.53,22.43,218.39,7.3,268,41,281.82,322.16,1.18,6.64
37,3.34,20.0,10000.0,46.623,9048,56.76,59.15,22.14,990.62,70.94,341,47,282.8,294.56,6.56,2.16
41,3.76,18.54,10000.0,68.089,1019,76.83,65.96,22.99,543.0,89.95,627,44,269.71,341.4,2.26,9.76
18,1.53,12.79,10000.0,36.33,6394,63.55,59.28,22.82,182.29,22.88,410,70,262.54,314.03,3.31,4.35
19,2.23,22.75,10000.0,52.981,8168,56.72,63.51,20.62,827.98,5.57,712,58,266.92,266.57,1.2,8.53
60,1.86,20.38,10000.0,64.52,9103,73.37,65.81,20.75,383.78,33.23,368,55,252.05,342.18,2.54,9.26
60,3.1,25.7,10000.0,64.831,25,67.73,57.02,20.74,28.61,20.39,323,44,251.57,275.36,5.82,9.35
19,2.19,16.34,10000.0,48.262,5866,66.34,65.89,20.37,998.02,2.05,118,49,262.26,349.14,8.32,4.12
28,2.91,24.13,10000.0,50.809,4233,63.29,62.12,23.01,617.28,25.05,266,55,292.62,299.93,6.3,1.95
1,3.47,12.61,10000.0,52.004,6938,55.04,70.78,23.89,149.65,14.88,802,69,251.87,273.43,7.57,9.22
22,3.69,19.13,10000.0,65.928,4909,64.91,71.23,24.25,833.47,91.49,474,68,267.78,290.18,5.94,8.11
16,4.13,15.95,10000.0,60.776,8170,63.53,67.4,23.13,99.12,50.17,989,39,280.75,300.04,2.87,8.93
54,0.95,16.74,10000.0,54.648,8754,72.93,63.6,22.09,588.72,58.96,228,55,268.21,334.14,4.31,3.62
2,2.75,26.3,10000.0,68.93,9303,68.15,62.29,21.61,180.28,78.28,275,60,250.25,319.49,8.62,3.55
7,1.12,20.75,10000.0,48.791,3918,69.05,69.11,20.43,776.32,46.38,529,43,266.41,341.84,2.93,6.05
57,4.32,16.76,10000.0,68.465,6269,56.23,68.46,23.79,654.6,93.15,798,52,260.19,303.23,2.78,4.51
38,0.25,21.34,10000.0,52.938,4537,62.06,55.63,21.61,315.2,18.47,892,58,299.88,301.97,1.54,6.37
41,1.49,17.29,10000.0,67.968,1215,72.3,57.3,24.7,995.87,79.3,522,47,297.64,326.52,2.6,5.53
13,2.9,22.98,10000.0,49.141,957,71.56,61.79,22.18,353.64,64.14,677,47,280.21,299.29,2.25,5.5
6,3.44,21.7,10000.0,50.614,9561,70.93,60.93,20.25,51.85,77.17,947,51,263.77,274.15,9.83,4.93
2,4.19,17.85,10000.0,59.849,4405,57.39,56.46,21.36,115.84,44.87,601,58,281.48,325.82,1.52,2.01
59,2.93,17.51,10000.0,54.097,3164,72.75,71.43,24.86,100.51,1.07,186,69,261.97,266.83,1.88,9.84
57,2.84,20.51,10000.0,67.553,2987,77.36,71.01,21.62,12.45,77.78,255,53,282.0,306.38,3.9,3.54
3,2.95,18.47,10000.0,63.424,8785,63.96,56.54,20.23,639.86,22.77,404,49,280.91,305.25,9.31,3.95
4,2.61,22.72,10000.0,53.799,8791,71.9,65.34,24.78,568.65,32.71,766,38,290.16,268.33,8.1,9.3
34,2.4,25.3,10000.0,57.825,3537,69.57,63.92,21.1,288.02,56.07,860,41,292.08,256.41,3.55,3.46
2,1.92,13.83,10000.0,45.067,404,59.87,57.69,20.81,799.59,78.73,651,54,271.26,286.23,1.24,4.65
43,4.74,15.04,10000.0,51.056,7116,66.89,69.64,21.69,556.17,64.77,232,62,286.3,348.2,9.86,6.2
51,3.59,11.37,10000.0,64.73,5696,60.64,65.43,24.96,133.78,64.0,676,60,282.37,323.57,5.54,3.32
19,2.15,20.08,10000.0,50.739,2768,65.55,69.52,20.3,467.4,84.88,733,35,254.08,335.69,6.54,2.91
1,2.89,16.12,10000.0,68.281,5296,77.7,62.71,20.64,13.3,7.66,570,61,280.26,335.7,7.95,9.26
8,2.18,18.79,10000.0,45.23,1867,60.06,68.99,24.32,742.63,84.41,457,38,292.21,345.57,4.76,4.14
60,2.1,22.04,10000.0,72.386,1603,62.28,68.93,24.17,207.23,7.81,789,62,268.0,348.35,5.19,7.47
49,1.61,26.81,10000.0,59.675,8094,61.93,70.79,20.99,677.89,89.14,207,53,281.06,320.48,2.14,2.03
8,4.04,16.67,10000.0,61.432,2064,63.83,55.48,21.7,455.43,80.49,514,35,281.31,282.95,9.55,4.25
62,1.92,11.08,10000.0,48.64,5834,76.5,59.81,21.7,392.18,97.8,428,59,261.44,297.36,4.06,6.27
39,1.99,16.28,10000.0,51.275,8861,65.85,61.26,24.02,68.64,71.23,573,42,274.45,293.46,9.15,5.38
7,2.52,22.74,10000.0,48.705,2400,59.91,68.69,21.88,782.0,16.9,968,35,298.0,298.43,3.88,5.82
40,3.08,22.89,10000.0,65.443,3279,61.82,56.32,23.24,853.9,90.88,364,59,276.43,252.27,1.95,5.5
31,2.52,17.76,10000.0,41.809,597,55.46,68.16,24.57,234.36,63.92,671,58,275.88,331.61,2.08,3.82
18,2.02,16.94,10000.0,46.472,5699,69.47,62.06,22.35,509.52,18.7,547,62,276.67,266.41,3.52,3.42
12,2.52,22.23,10000.0,53.903,4280,73.18,59.22,20.15,987.26,53.75,657,60,265.27,296.2,9.84,8.94
41,3.74,13.83,10000.0,63.146,5394,61.69,61.23,24.74,627.05,60.68,270,66,268.62,276.96,3.16,7.27
35,1.72,16.26,10000.0,64.484,1470,67.36,56.47,23.32,562.06,78.51,802,35,282.27,264.5,7.85,4.78
29,2.71,21.37,10000.0,51.112,835,55.48,69.05,22.58,184.46,88.02,198,41,297.67,319.31,5.35,8.51
30,1.23,12.9,10000.0,54.401,2163,74.66,69.01,21.8,69.72,1.36,184,54,265.47,293.35,1.62,2.93
9,1.93,17.13,10000.0,65.803,8162,60.97,58.15,23.84,301.29,8.38,801,68,294.94,316.27,8.58,1.04
28,0.84,22.51,10000.0,58.062,5027,72.61,66.7,21.03,993.16,64.56,760,53,292.55,321.46,1.15,9.86
47,3.73,18.17,10000.0,48.035,347,66.5,65.65,22.61,280.61,46.77,684,59,298.01,289.52,9.86,8.71
44,1.5,21.73,10000.0,47.519,4423,55.13,60.39,20.99,869.5,57.81,606,68,295.58,342.29,8.77,8.17
58,2.45,15.51,10000.0,66.814,3903,65.99,65.2,21.36,575.83,65.66,373,69,298.67,346.58,9.67,7.49
15,1.19,21.17,10000.0,71.306,2642,64.93,65.42,24.77,318.46,97.33,668,43,297.82,288.22,6.13,9.85
56,1.95,20.61,10000.0,54.192,7856,55.02,63.9,23.77,948.55,97.25,441,60,275.08,300.51,3.04,8.49
25,3.04,15.38,10000.0,53.564,1885,64.47,67.38,24.33,319.17,46.35,573,38,264.16,280.61,1.91,2.6
31,1.52,17.35,10000.0,56.355,9994,63.92,67.97,23.16,281.72,4.44,111,42,262.51,321.59,7.86,9.17
32,1.82,19.98,10000.0,69.943,4097,65.85,68.91,21.49,565.34,94.76,606,43,293.62,331.68,8.4,4.97
54,3.11,22.7,10000.0,66.274,7321,61.15,64.96,20.84,942.95,99.64,760,69,259.33,271.96,8.66,9.04
46,0.14,21.42,10000.0,48.055,363,65.21,65.11,21.41,610.99,42.14,261,46,295.08,271.39,6.17,7.31
14,2.5,15.99,10000.0,57.272,7057,69.7,60.15,24.4,27.63,72.04,814,51,252.32,279.42,1.42,1.18
63,2.9,23.04,10000.0,40.96,5637,64.52,69.75,20.25,792.97,14.7,289,36,254.29,328.22,8.85,4.63
8,2.34,21.5,10000.0,53.719,4998,71.68,55.82,22.42,289.14,58.63,569,69,271.84,270.6,3.5,5.7
44,1.93,23.55,10000.0,41.03,9428,68.6,59.16,24.14,99.6,87.38,769,35,295.89,273.23,6.84,3.33
17,3.14,19.72,10000.0,58.93,3150,64.93,64.93,24.39,444.97,87.45,801,55,290.9,331.45,2.26,3.18
25,1.2,21.73,10000.0,52.183,8267,63.67,60.47,24.19,43.46,42.42,656,42,278.68,265.04,5.29,4.49
18,1.92,18.15,10000.0,57.062,3259,58.3,65.21,22.18,429.82,49.57,741,60,272.43,325.29,9.66,8.88
48,1.84,14.0,10000.0,72.251,2694,58.38,65.46,22.21,651.39,61.77,576,61,264.39,275.99,6.5,2.48
36,3.38,17.91,10000.0,52.668,3589,62.56,57.11,24.12,969.98,2.15,393,44,272.42,337.85,2.83,4.01
41,1.41,20.84,10000.0,42.492,2864,74.38,55.1,22.84,831.74,26.23,185,48,255.91,335.1,1.17,4.24
37,2.76,25.79,10000.0,31.667,2393,64.14,60.2,21.9,985.24,38.53,573,44,264.96,334.7,7.23,6.39
10,1.96,20.92,10000.0,48.544,8767,61.45,68.34,23.86,331.58,40.89,972,64,291.48,332.34,3.63,3.02
30,3.37,25.16,10000.0,61.228,3372,58.63,58.0,22.18,737.94,33.46,177,57,263.8,295.77,7.62,8.24
37,3.59,20.02,10000.0,74.39,973,58.61,60.82,21.33,422.16,65.59,656,42,253.86,334.77,9.86,7.54
47,0.05,25.4,10000.0,67.99,6943,65.55,71.73,22.67,944.1,9.38,884,61,297.35,315.84,9.82,8.2
4,0.71,19.15,10000.0,64.163,1792,63.42,58.57,24.47,243.34,43.37,510,44,277.2,329.45,9.91,5.77
49,1.83,20.61,10000.0,51.197,4945,72.17,69.93,22.3,504.24,81.72,937,45,255.92,343.04,4.52,2.97
42,2.01,26.72,10000.0,52.476,8474,55.25,71.41,21.05,296.19,30.02,828,40,281.54,264.97,7.39,2.31
1,2.96,20.5,10000.0,67.49,6783,59.83,59.86,23.91,900.04,47.97,674,40,273.03,342.49,6.5,1.32
1,1.22,20.95,10000.0,67.279,6342,73.85,66.54,20.13,552.37,68.42,934,65,292.07,309.65,8.73,9.64
1,3.92,25.23,10000.0,52.267,7553,73.89,55.55,23.13,125.26,22.99,133,49,295.23,285.41,7.77,2.36
26,3.93,24.27,10000.0,50.004,444,58.92,63.38,24.08,822.07,52.86,352,46,266.42,255.09,9.88,3.58
44,1.94,20.97,10000.0,54.504,4307,72.43,61.88,20.04,257.2,65.74,312,41,258.18,312.6,4.42,6.17
40,3.27,21.4,10000.0,53.872,458,69.1,57.31,24.33,596.24,14.5,118,44,256.89,262.41,5.28,7.25
53,3.54,19.21,10000.0,62.808,6720,76.35,68.37,20.38,96.42,22.64,726,61,291.79,291.26,7.4,5.83
46,1.98,16.71,10000.0,59.032,3810,67.74,62.66,24.92,241.5,32.42,373,61,283.06,292.66,7.62,9.52
50,3.07,17.06,10000.0,53.319,2996,77.86,55.02,22.64,4.57,75.31,246,46,256.78,338.2,6.7,6.95
43,1.44,23.09,10000.0,60.241,4672,76.54,60.06,23.34,737.71,55.78,166,53,252.21,290.85,8.37,9.64
37,1.44,25.27,10000.0,50.547,6848,68.24,61.38,22.73,426.07,18.97,663,59,267.32,253.8,7.64,1.48
24,2.42,18.78,10000.0,64.189,5970,76.77,63.36,22.06,237.8,90.93,137,37,285.79,333.38,4.44,4.07
28,1.0,20.97,10000.0,62.18,2484,72.09,66.76,24.38,279.52,14.08,181,56,281.51,252.75,4.7,4.77
23,2.82,17.62,10000.0,55.531,949,65.03,58.06,21.22,916.65,76.98,733,38,296.77,335.94,9.78,8.88
36,1.13,18.42,10000.0,42.501,7499,69.76,69.04,22.79,434.63,13.94,795,46,279.05,270.74,2.76,8.55
37,3.49,20.03,10000.0,47.963,1908,72.58,56.6,23.54,165.92,38.55,347,36,258.06,347.05,5.27,7.91
60,2.31,17.05,10000.0,57.747,9917,73.11,68.63,24.02,105.82,15.37,835,39,258.77,298.05,3.21,1.16
21,3.51,20.3,10000.0,52.295,285,63.1,69.07,24.07,720.35,97.88,619,55,263.77,345.77,9.94,4.15
24,2.3,17.79,10000.0,53.39,8510,77.85,59.74,21.77,802.45,28.34,131,53,296.71,347.95,4.51,8.51
59,2.35,18.24,10000.0,56.638,3762,61.34,57.01,21.29,167.63,41.48,872,58,256.49,269.96,5.17,1.13
46,3.91,17.74,10000.0,39.353,5780,70.23,60.99,24.26,548.32,14.23,820,48,251.22,349.79,9.72,4.51
33,2.9,25.96,10000.0,72.13,1821,58.53,64.53,23.06,156.36,61.4,712,37,254.25,290.35,7.3,8.83
54,4.0,22.48,10000.0,55.137,2352,68.46,70.98,23.31,269.44,89.1,283,55,275.37,299.13,8.09,8.6
20,2.33,29.21,10000.0,59.256,3577,59.12,67.93,23.09,644.51,69.01,211,40,264.37,304.99,3.42,7.36
18,3.0,21.02,10000.0,75.424,5906,59.59,62.1,24.06,851.78,69.73,991,37,264.05,255.23,3.42,4.12
54,2.17,11.05,10000.0,54.776,6849,62.48,68.96,22.94,171.91,98.92,616,55,287.89,264.04,2.91,9.51
12,2.98,19.46,10000.0,69.909,5003,66.32,68.21,24.82,373.95,99.83,909,41,256.09,269.04,7.02,2.37
29,1.01,21.27,10000.0,54.622,2319,77.23,63.74,21.58,247.66,57.02,125,58,266.75,310.22,2.79,4.82
17,0.98,19.34,10000.0,54.122,3935,75.9,57.01,23.91,992.07,86.34,689,46,274.71,328.97,2.5,6.53
32,3.09,22.01,10000.0,56.66,2306,62.16,68.81,24.28,352.33,35.61,152,67,260.83,304.82,5.43,7.5
31,1.23,18.69,10000.0,72.178,7032,74.91,68.69,21.69,320.8,83.65,780,64,281.92,263.77,4.78,5.83
17,0.95,15.24,10000.0,65.488,9810,72.18,64.61,24.31,869.43,75.79,894,47,290.92,306.07,6.24,2.38
60,2.08,19.84,10000.0,47.655,9768,76.93,57.38,22.52,769.19,87.38,253,56,278.26,253.44,1.85,2.67
12,2.67,16.02,10000.0,58.316,9831,77.26,71.39,21.37,238.59,59.48,167,47,283.78,341.64,1.96,3.22
12,3.72,27.58,10000.0,53.299,6887,59.32,64.98,20.94,8.13,76.11,989,58,268.66,277.06,1.1,4.19
43,2.04,21.66,10000.0,68.004,6217,72.62,70.02,22.04,271.65,17.35,441,48,286.08,321.67,1.47,9.98
32,3.17,14.66,10000.0,66.775,3110,64.52,64.34,21.06,609.64,88.3,272,49,288.33,340.35,5.17,5.88
44,2.64,23.56,10000.0,64.186,1867,59.08,65.69,23.57,262.17,55.18,231,35,278.74,313.48,2.92,6.36
40,3.86,24.5,10000.0,70.062,8439,60.66,67.51,20.33,379.1,33.55,326,58,288.85,348.27,5.66,4.98
27,3.37,9.81,10000.0,50.29,3277,66.69,70.59,22.74,344.17,52.14,148,47,273.18,285.87,2.92,5.89
42,2.49,20.64,10000.0,53.004,8789,70.72,66.19,20.27,842.56,31.73,649,59,287.38,326.42,6.73,3.01
37,0.23,20.63,10000.0,53.042,3100,68.57,70.53,20.44,667.3,84.76,440,62,270.86,311.26,7.35,9.42
16,2.16,18.41,10000.0,68.173,9090,64.67,55.57,22.18,483.43,83.61,605,44,282.33,336.83,7.91,9.53
40,2.14,16.88,10000.0,66.99,9360,74.43,64.34,20.93,997.88,43.75,591,68,289.9,273.06,5.65,4.32
47,1.95,18.37,10000.0,33.56,3671,76.77,57.12,21.5,309.05,25.53,688,45,299.82,303.89,9.68,9.42
41,3.13,19.57,10000.0,78.927,2005,64.93,55.84,22.48,348.1,37.34,774,59,279.66,252.08,2.5,7.33
45,2.35,23.56,10000.0,68.612,6585,59.74,57.47,22.83,719.82,23.22,808,57,275.57,301.81,2.05,5.18
18,1.8,23.05,10000.0,53.309,1094,73.06,60.19,21.41,695.02,51.85,547,66,287.21,334.78,5.62,6.1
19,3.86,25.92,10000.0,40.709,4749,73.71,59.18,23.26,700.5,97.19,425,64,274.36,285.28,9.69,8.62
2,2.01,21.01,10000.0,61.402,2090,56.12,59.12,24.46,99.89,91.95,604,55,261.11,279.69,1.43,9.08
24,1.96,24.57,10000.0,52.464,9872,56.58,55.7,21.77,823.59,34.04,930,39,284.97,328.72,9.81,3.6
15,2.77,19.34,10000.0,73.348,3823,66.42,69.29,21.23,507.03,41.78,761,61,266.14,295.4,6.5,7.55
13,3.43,21.66,10000.0,75.243,9783,56.62,65.64,23.99,481.18,33.37,862,47,265.95,305.44,9.36,6.16
60,1.16,21.14,10000.0,61.472,3345,56.34,67.3,21.38,510.6,52.51,452,62,276.96,295.77,6.28,7.08
7,2.62,16.36,10000.0,48.482,4365,75.46,67.34,22.34,893.03,9.47,205,70,273.67,315.74,2.03,3.36
64,2.54,16.82,10000.0,73.291,8003,76.96,60.37,23.89,743.23,62.43,599,39,260.53,282.27,1.94,5.34
36,3.16,17.14,10000.0,64.347,5893,59.28,61.55,24.21,651.23,79.48,763,37,289.09,270.62,3.12,4.55
26,1.4,22.33,10000.0,66.012,1264,58.34,55.01,20.63,123.26,34.89,531,61,278.64,263.51,2.22,4.02
51,3.01,22.92,10000.0,52.796,1730,73.38,55.79,20.08,424.62,80.62,932,44,268.06,265.29,6.29,4.78
57,2.64,24.37,10000.0,61.146,9868,61.88,64.46,22.05,518.86,30.44,730,55,296.44,273.32,7.25,3.71
46,3.53,23.37,10000.0,57.039,9924,61.99,58.54,21.3,475.93,55.53,743,41,299.95,347.65,3.53,6.12
44,1.59,22.36,10000.0,46.557,8488,66.26,62.65,22.57,233.63,19.74,815,44,276.38,315.25,1.94,5.62
17,1.86,18.46,10000.0,74.95,1883,74.36,66.6,23.66,114.34,1.69,673,37,271.28,264.18,7.95,2.71
61,2.79,19.16,10000.0,64.581,2699,55.36,57.83,23.52,22.09,1.04,187,65,277.92,303.45,5.06,2.69
41,0.13,17.2,10000.0,52.998,7705,56.37,69.53,24.56,4.91,48.96,271,44,278.92,317.19,5.35,3.89
17,4.37,24.44,10000.0,58.906,6120,65.9,63.43,24.6,608.13,24.6,348,41,278.07,312.51,9.48,2.32
31,1.3,12.9,10000.0,51.839,4754,64.63,57.31,22.08,661.72,83.77,483,37,291.07,326.17,4.68,1.01
11,3.42,22.02,10000.0,55.868,6879,59.27,57.75,24.2,779.06,89.54,354,68,276.44,348.74,6.26,8.52
36,3.04,18.84,10000.0,60.42,595,63.81,55.61,23.2,13.6,24.79,814,67,287.5,306.57,9.77,2.16
49,2.42,23.53,10000.0,67.564,7296,62.36,63.84,21.19,219.22,73.33,854,43,285.82,336.46,4.05,8.15
52,4.52,24.04,10000.0,59.154,4408,67.69,56.57,21.63,979.65,74.63,174,60,299.04,263.51,9.8,6.4
49,2.59,16.88,10000.0,35.039,6856,75.55,66.85,24.07,497.38,97.13,403,47,257.19,285.08,8.31,2.92
61,1.27,25.46,10000.0,37.561,9114,63.1,71.96,20.81,618.71,9.63,393,52,272.38,272.86,3.98,9.66
45,3.06,20.37,10000.0,53.38,671,70.16,58.05,23.7,226.9,5.33,527,65,270.89,260.74,1.27,7.43
53,2.76,21.74,10000.0,72.618,1535,60.57,62.75,20.16,678.46,29.38,977,68,289.07,271.87,4.55,4.75
56,2.65,19.32,10000.0,61.932,7946,56.2,65.33,21.16,678.08,72.39,589,37,274.42,301.54,4.43,3.39
7,3.1,21.59,10000.0,64.141,3229,69.49,68.24,24.33,245.89,55.61,606,59,294.06,344.33,2.92,1.85
57,2.81,27.29,10000.0,74.593,8035,60.82,56.76,20.17,560.42,52.39,157,57,254.89,262.5,5.39,7.5
11,1.83,28.08,10000.0,50.292,2730,75.76,60.93,21.07,793.26,3.74,994,51,264.73,279.57,7.66,2.01
36,3.09,17.35,10000.0,60.848,1075,73.7,63.27,20.9,937.02,81.76,955,35,274.32,277.87,6.8,2.84
14,3.58,21.23,10000.0,52.299,660,75.37,61.48,22.57,559.22,4.92,565,35,296.68,277.47,4.73,3.76
28,2.89,24.81,10000.0,61.674,8200,55.49,68.22,20.69,756.21,57.41,149,57,263.0,276.06,8.64,7.76
56,2.8,15.8,10000.0,41.641,8917,67.05,59.05,21.02,226.2,92.02,195,52,281.25,264.08,3.9,5.71
35,1.36,18.71,10000.0,78.966,8324,61.36,68.21,23.29,947.26,62.54,565,45,286.71,263.86,7.33,3.63
46,2.5,19.49,10000.0,50.979,4606,68.53,60.46,21.0,402.06,38.34,845,68,291.88,262.33,6.45,5.28
54,1.26,27.45,10000.0,69.477,3124,69.94,69.36,22.19,151.8,86.1,279,43,277.32,277.16,9.99,2.42
8,2.87,15.89,10000.0,62.39,7141,58.53,58.48,22.05,176.35,54.39,343,43,262.91,260.77,8.67,1.7
5,2.74,26.99,10000.0,84.687,8742,63.62,59.72,22.77,601.56,36.8,983,59,263.11,303.68,6.54,7.2
33,0.94,18.11,10000.0,55.858,5870,72.28,56.95,20.63,90.39,40.72,758,66,299.95,258.81,2.2,2.45
47,1.56,20.59,10000.0,54.676,4790,71.95,55.78,24.26,662.56,12.31,686,61,289.19,305.09,8.28,4.28
15,1.85,27.22,10000.0,57.982,2274,76.6,61.99,20.87,352.77,71.58,723,69,263.98,325.5,1.57,1.13
1,2.39,10.92,10000.0,65.478,4145,61.91,67.36,22.7,712.75,34.53,744,45,282.81,304.73,5.92,1.02
18,2.32,24.78,10000.0,62.746,3000,71.2,69.94,22.19,543.04,42.88,952,53,261.88,337.13,1.48,7.31
19,1.85,19.32,10000.0,51.4,6811,67.12,58.14,21.54,247.34,52.32,531,56,261.56,300.48,3.78,4.49
37,0.65,21.05,10000.0,58.079,4972,65.52,55.27,24.09,503.68,32.57,952,48,282.04,349.13,3.29,8.1
57,4.69,14.82,10000.0,51.773,4736,73.15,64.68,21.34,903.78,73.71,238,45,250.23,278.0,6.35,3.4
18,3.52,18.68,10000.0,54.535,7375,64.22,58.49,22.33,823.41,24.09,453,64,290.96,266.22,3.59,4.82
63,2.73,19.25,10000.0,64.106,1546,71.63,58.7,20.88,816.76,11.27,576,49,279.99,322.82,9.47,7.63
24,2.87,24.32,10000.0,48.231,8038,58.47,55.06,24.03,818.13,87.29,599,61,259.08,254.03,3.16,8.07
9,3.09,19.33,10000.0,69.608,4034,68.87,65.93,21.1,423.94,58.63,1000,59,264.23,307.27,9.54,4.63
1,3.23,24.85,10000.0,67.294,9537,74.06,62.92,24.29,909.0,49.24,226,48,290.3,342.86,4.4,4.22
21,3.9,24.41,10000.0,55.198,9002,56.95,61.5,24.11,542.64,18.99,471,46,288.77,329.58,8.64,4.58
51,2.51,17.67,10000.0,65.355,7622,70.21,71.99,22.54,846.33,77.01,957,55,282.66,252.4,5.05,5.43
42,1.53,30.13,10000.0,63.385,8495,76.77,56.53,24.01,888.99,51.41,865,62,291.35,304.92,3.27,5.68
10,3.5,23.01,10000.0,57.261,5254,59.9,55.02,21.59,39.06,5.86,429,53,256.61,297.25,5.98,3.39
33,2.39,10.44,10000.0,37.206,30,69.71,57.9,22.32,864.96,93.58,373,59,259.81,317.5,1.75,3.39
35,2.77,26.55,10000.0,65.225,5132,76.06,55.47,20.01,829.71,38.58,205,43,256.69,335.23,4.38,7.49
42,2.04,23.22,10000.0,53.639,7612,66.01,66.39,22.5,360.68,7.55,550,39,278.36,304.26,3.86,2.58
27,3.53,18.24,10000.0,47.969,9895,55.53,68.23,24.29,211.99,35.1,780,38,252.0,276.46,4.49,7.05
64,2.63,19.94,10000.0,59.922,3655,62.84,68.78,24.7,813.13,80.93,282,47,255.56,335.41,2.9,8.96
7,3.7,21.36,10000.0,59.464,7025,60.51,70.94,21.4,463.07,52.04,302,44,257.05,287.5,3.41,6.93
30,4.46,28.78,10000.0,61.441,8522,69.36,62.47,23.27,637.48,40.74,314,43,272.55,304.42,4.75,9.73
53,1.79,25.1,10000.0,47.868,100,70.78,70.78,20.75,25.51,99.94,111,58,262.21,283.47,9.36,1.52
33,2.61,17.87,10000.0,65.13,6779,75.82,65.14,22.13,767.62,13.12,965,45,289.76,271.0,4.96,1.63
13,2.01,18.58,10000.0,59.203,2667,58.75,60.89,23.94,561.2,53.86,319,62,267.9,343.21,7.63,8.18
51,3.48,17.64,10000.0,61.977,7402,57.7,59.5,22.26,687.79,87.76,318,46,291.53,292.12,8.63,6.12
10,1.95,17.11,10000.0,50.553,4010,71.05,61.18,24.15,510.95,95.89,749,37,279.47,281.61,4.53,2.98
23,0.4,22.25,10000.0,53.316,9720,71.89,61.79,21.68,679.53,7.15,781,43,269.36,279.89,8.18,7.16
43,1.61,23.46,10000.0,50.053,2021,70.57,69.65,21.28,44.77,11.41,639,47,283.97,323.76,7.52,9.82
17,1.9,16.47,10000.0,62.594,8532,58.65,58.02,20.67,668.81,7.96,368,55,276.7,262.35,5.48,9.37
45,2.07,15.21,10000.0,61.046,2003,64.4,67.61,24.71,311.0,52.65,573,65,268.94,282.24,6.68,4.56
35,1.4,23.43,10000.0,69.696,8860,77.18,59.34,22.0,912.75,64.92,821,59,272.09,300.03,5.92,2.52
5,3.99,14.83,10000.0,68.728,8457,57.3,71.07,21.91,872.8,31.14,414,64,261.71,284.05,2.59,7.32
2,2.59,18.73,10000.0,48.318,638,67.88,59.5,21.98,51.9,85.4,908,45,260.45,283.81,8.78,6.5
47,1.46,16.59,10000.0,62.529,3472,65.46,59.92,23.0,827.2,27.65,875,70,254.84,273.16,1.12,4.07
60,3.28,28.08,10000.0,68.04,3519,77.86,59.54,24.59,152.94,23.11,627,56,255.02,269.5,5.09,5.04
17,3.7,16.07,10000.0,68.826,5223,58.26,67.06,22.89,574.41,21.88,213,64,294.56,286.03,3.49,9.55
21,2.08,23.39,10000.0,68.023,6664,55.87,67.38,23.55,713.8,43.13,472,37,277.8,340.98,2.79,5.85
57,2.18,26.35,10000.0,55.517,5198,74.16,63.18,24.37,739.08,64.2,357,57,257.82,320.78,8.33,7.77
47,3.14,11.86,10000.0,53.719,6329,64.43,63.62,24.31,612.78,65.63,569,40,251.19,344.75,6.98,3.94
27,2.29,26.78,10000.0,64.016,2205,56.12,56.31,24.36,887.45,2.0,865,36,291.12,281.89,2.08,5.94
35,2.13,16.08,10000.0,69.957,6660,71.89,70.79,22.29,2.67,69.19,676,52,272.88,268.75,9.24,1.51
51,1.39,20.66,10000.0,67.353,2176,61.15,71.95,20.15,832.65,77.75,726,61,275.02,265.45,7.61,4.22
19,3.79,21.93,10000.0,60.535,7129,63.73,63.31,21.72,216.24,92.77,332,41,298.99,311.47,7.2,4.86
22,2.47,16.11,10000.0,59.104,5138,55.8,71.94,20.98,385.71,91.76,466,50,285.13,280.26,4.79,4.0
14,2.7,16.47,10000.0,49.062,3918,72.63,55.73,21.61,335.15,35.07,122,69,290.0,276.71,1.25,3.87
5,2.28,21.21,10000.0,55.137,4607,76.68,62.99,22.31,326.5,76.13,146,61,282.84,331.7,5.67,1.31
39,2.64,18.73,10000.0,59.549,2222,74.25,67.5,24.57,23.07,34.8,865,53,261.53,333.95,9.92,6.35
22,3.02,15.26,10000.0,65.88,9971,71.92,69.9,21.21,67.5,32.76,948,70,279.51,264.11,9.24,9.1
11,2.4,15.15,10000.0,49.117,8011,66.33,58.47,22.68,292.0,74.85,232,35,275.73,327.02,7.6,3.2
29,3.73,18.38,10000.0,44.567,6492,61.19,66.75,21.66,436.39,1.12,984,48,282.45,256.96,7.41,9.83
64,1.33,15.22,10000.0,65.467,6418,70.6,63.27,23.75,801.61,70.02,705,55,250.47,340.44,3.48,3.11
13,2.67,20.19,10000.0,55.042,4536,75.06,63.77,21.25,392.65,6.44,550,41,270.93,296.01,8.06,4.38
3,3.46,19.8,10000.0,70.112,6458,58.6,67.98,23.39,216.04,54.65,672,61,256.5,317.32,3.67,7.62
53,2.4,21.8,10000.0,68.79,679,75.92,56.77,22.15,815.11,31.98,174,46,273.29,273.44,9.16,5.28
60,4.18,19.41,10000.0,64.3,2350,57.73,64.59,20.47,933.55,1.54,958,67,284.68,288.15,9.99,4.84
7,2.05,17.69,10000.0,66.453,5436,57.71,68.18,20.99,292.37,95.73,340,58,271.8,311.14,1.27,5.91
40,2.98,19.92,10000.0,52.028,8897,67.1,65.49,20.08,668.32,78.85,605,38,262.24,346.2,2.4,7.82
41,1.96,19.02,10000.0,60.807,9567,65.84,68.9,22.92,26.83,9.03,679,63,278.41,250.79,9.47,2.62
20,2.75,18.04,10000.0,53.251,6246,73.61,62.45,23.84,621.29,30.44,475,35,275.72,337.48,9.41,7.66
24,1.92,12.41,10000.0,73.163,8582,56.81,67.18,21.79,852.4,7.13,203,55,289.74,265.45,7.84,8.64
49,2.11,25.78,10000.0,59.934,8769,64.99,65.29,21.72,434.08,14.0,172,58,296.26,334.28,5.93,1.6
5,2.0,18.95,10000.0,56.619,1142,63.06,63.92,24.46,609.9,20.18,573,43,257.48,250.93,2.76,4.51
7,1.72,18.98,10000.0,66.628,7420,74.74,66.77,21.8,146.45,64.81,169,40,273.08,304.0,4.01,9.35
32,3.35,19.75,10000.0,62.554,1923,76.3,58.37,21.54,450.81,73.26,882,49,296.77,324.03,1.94,4.32
8,2.64,17.58,10000.0,48.139,8225,76.93,59.62,24.5,416.01,53.99,219,41,271.0,349.88,5.13,2.54
62,2.9,16.5,10000.0,71.306,6911,56.99,69.26,20.74,52.79,23.54,913,58,258.37,286.84,5.22,2.44
57,3.85,6.44,10000.0,46.374,1958,76.68,65.91,24.0,821.22,67.7,973,65,268.88,275.48,4.29,2.72
21,1.31,17.19,10000.0,44.988,9786,68.97,61.76,22.9,744.25,99.53,122,43,286.76,277.32,3.52,8.4
56,2.67,14.04,10000.0,42.009,7984,73.35,61.64,24.35,248.59,10.24,340,70,255.17,336.7,5.31,8.33
19,1.57,17.86,10000.0,57.448,1517,62.99,60.05,24.07,182.79,7.38,707,60,288.02,268.46,7.02,4.51
4,4.56,19.04,10000.0,72.317,4606,70.65,67.76,24.17,365.7,32.65,542,69,295.71,270.89,1.11,2.64
35,2.92,19.26,10000.0,56.174,6153,67.83,60.52,20.6,925.64,43.71,970,62,261.13,301.78,5.87,9.05
28,2.48,24.56,10000.0,53.416,8124,71.53,58.17,21.67,836.16,77.26,799,65,264.43,284.82,7.08,8.18
41,2.37,16.51,10000.0,53.66,7132,59.67,65.26,24.25,897.98,60.93,865,37,286.89,316.16,6.22,4.55
16,2.07,24.82,10000.0,68.011,3778,74.2,69.11,24.47,182.88,15.77,498,69,292.93,264.17,4.06,2.66
38,2.01,18.05,10000.0,67.47,9140,58.52,70.31,20.5,829.56,59.34,490,51,272.19,310.07,3.86,4.33
34,1.62,21.27,10000.0,32.441,5214,74.2,57.81,20.44,418.56,19.42,852,49,253.59,250.54,4.51,9.83
46,3.04,29.66,10000.0,74.857,5200,61.3,62.4,23.74,332.73,20.51,921,62,282.12,305.35,1.76,3.09
3,2.61,21.16,10000.0,60.22,390,74.54,62.71,24.99,295.81,38.1,869,40,251.6,275.16,6.15,7.23
4,1.87,21.36,10000.0,56.842,1687,59.76,64.68,24.88,305.06,56.07,137,69,265.55,316.15,6.36,5.93
44,2.6,20.2,10000.0,50.764,6147,70.05,62.81,20.04,585.08,58.81,938,47,267.88,319.04,8.24,5.25
32,2.18,21.32,10000.0,67.28,511,65.46,67.07,21.1,952.82,58.11,950,39,266.01,331.86,2.61,8.81
11,2.8,19.51,10000.0,62.197,895,65.04,71.59,23.2,59.71,21.02,205,42,270.68,305.91,5.31,6.87
49,2.73,15.83,10000.0,53.368,7843,70.38,58.6,20.42,524.27,93.05,478,45,268.45,276.82,3.85,7.96
11,4.48,20.38,10000.0,52.397,2162,61.12,62.25,21.32,94.54,59.02,354,69,252.61,345.19,4.93,6.4
61,2.69,21.11,10000.0,62.336,9701,60.45,55.1,22.45,295.02,1.61,152,54,290.27,318.8,4.27,8.75
64,3.18,21.42,10000.0,65.897,4323,75.72,64.35,22.39,753.44,3.38,214,45,266.12,268.67,4.67,1.51
60,2.0,18.53,10000.0,55.078,98,56.49,67.94,22.51,367.18,85.32,880,63,294.23,295.81,6.64,9.9
46,2.1,17.53,10000.0,65.207,9211,74.76,69.79,22.56,355.68,75.87,561,45,286.89,250.45,5.98,1.77
5,3.69,17.78,10000.0,52.173,3714,66.45,71.95,23.04,26.7,25.23,418,68,276.17,322.19,7.77,5.98
15,3.16,24.65,10000.0,64.773,194,58.26,71.36,21.94,264.36,17.21,128,61,253.83,289.55,5.34,9.05
1,2.49,18.71,10000.0,61.398,8912,60.0,60.97,22.33,382.34,66.12,800,69,271.44,314.61,9.42,8.07
14,3.48,26.57,10000.0,60.94,918,71.0,63.62,20.36,301.68,12.59,758,37,260.22,252.06,8.57,7.0
6,0.9,17.37,10000.0,51.149,1540,67.07,68.93,23.88,400.82,19.17,451,45,256.11,345.34,7.54,2.32
52,2.55,19.21,10000.0,56.202,2789,70.56,70.59,22.84,203.65,87.58,913,52,278.5,334.78,5.15,3.74
12,2.27,21.47,10000.0,50.857,8014,66.08,57.99,24.18,73.11,88.0,479,50,282.21,294.33,9.91,6.24
40,1.16,24.73,10000.0,64.777,1022,70.79,56.16,22.2,578.94,18.56,886,38,267.92,313.27,9.51,4.31
28,1.69,18.61,10000.0,63.624,5318,73.54,56.41,21.93,108.72,30.55,674,45,266.75,334.53,1.91,1.98
25,4.45,23.78,10000.0,68.381,88,62.95,56.36,23.03,239.74,52.47,813,54,259.8,303.35,7.87,9.94
42,1.28,25.56,10000.0,66.037,9886,76.46,69.13,23.88,140.58,52.81,320,51,277.62,331.85,9.3,3.94
34,3.77,26.8,10000.0,60.221,402,74.88,69.74,23.04,281.82,10.6,700,60,254.63,296.71,4.99,5.54
8,3.25,24.25,10000.0,51.843,8899,56.18,64.86,22.64,542.3,68.89,670,39,257.85,296.13,7.73,5.46
5,2.32,16.47,10000.0,57.35,1487,75.73,66.54,21.35,411.18,10.77,595,70,257.35,341.3,9.19,9.89
15,1.09,26.38,10000.0,66.73,2895,61.47,69.03,24.76,953.13,63.47,885,59,273.15,336.76,8.84,6.05
56,2.7,13.96,10000.0,47.941,4003,76.65,70.34,23.12,424.51,80.16,842,46,264.5,291.15,9.36,6.55
31,3.81,18.6,10000.0,45.042,3965,73.77,63.86,21.84,882.69,8.57,884,38,267.92,329.21,5.26,4.41
1,4.92,23.95,10000.0,80.997,8767,63.62,67.79,23.32,616.55,83.27,657,57,277.37,260.26,2.91,1.45
22,0.85,17.09,10000.0,46.661,412,55.71,68.15,23.67,822.24,92.99,543,47,266.3,347.31,5.22,1.1
63,2.81,21.46,10000.0,34.959,4037,68.26,63.26,20.16,949.34,29.77,323,45,264.39,263.75,7.94,3.63
19,3.2,11.84,10000.0,58.28,9134,76.54,65.4,23.83,148.16,81.99,897,64,258.66,320.86,1.31,2.05
22,3.34,22.35,10000.0,54.163,7630,62.06,65.83,23.41,602.56,85.3,460,36,298.01,344.99,5.99,7.7
39,3.06,23.72,10000.0,60.612,2852,74.54,68.73,24.33,419.05,40.6,335,44,282.42,327.16,4.88,8.69
17,1.83,20.69,10000.0,54.673,5354,72.02,67.6,20.92,391.11,6.3,379,40,279.46,329.5,6.22,9.25
10,3.61,16.26,10000.0,63.021,7057,61.16,58.83,21.42,914.25,20.91,776,64,274.93,345.72,6.16,3.38
52,1.84,22.57,10000.0,49.865,1530,66.9,55.33,20.29,502.11,39.35,136,52,279.97,344.42,2.49,4.02
52,1.74,14.33,10000.0,72.863,6979,69.41,57.24,24.49,653.75,42.65,456,53,255.71,342.88,2.55,5.16
33,2.75,20.93,10000.0,67.244,6370,68.13,64.54,24.56,127.63,17.48,279,68,260.52,343.64,3.59,9.19
31,3.68,20.08,10000.0,47.959,7848,74.52,70.99,21.41,994.17,5.08,643,58,270.22,303.56,7.71,4.28
39,3.01,21.41,10000.0,37.538,415,73.67,56.86,24.53,986.57,80.9,957,55,291.66,304.77,3.8,7.19
15,3.37,20.27,10000.0,53.241,4061,73.31,61.01,22.95,71.11,58.23,214,63,299.36,321.99,2.2,8.06
15,3.53,21.31,10000.0,53.525,6062,67.05,67.63,22.04,54.63,75.77,912,39,294.54,253.02,2.99,3.2
34,3.09,19.8,10000.0,46.74,4475,56.35,65.36,23.26,177.32,31.38,863,61,266.4,297.73,8.41,6.0
53,3.1,12.18,10000.0,53.333,760,77.26,64.2,23.61,618.84,15.65,484,60,282.91,311.45,8.4,1.73
60,1.41,23.33,10000.0,54.759,6586,64.58,58.28,24.53,637.95,62.27,588,64,295.59,262.83,8.26,8.36
8,2.06,20.34,10000.0,50.367,3194,66.37,65.65,23.61,600.7,37.84,817,62,277.52,264.75,1.51,9.26
61,2.66,12.03,10000.0,61.401,2268,76.3,60.29,23.18,303.13,11.43,971,64,263.44,263.0,4.66,4.27
24,2.38,14.88,10000.0,62.737,2110,57.2,56.57,22.21,707.33,13.83,388,66,268.71,309.11,6.37,6.01
4,1.24,19.95,10000.0,60.975,3889,72.76,61.89,23.4,498.21,86.88,600,66,252.99,292.4,6.77,8.0
14,3.52,19.56,10000.0,60.131,6956,73.39,64.92,22.41,605.41,96.08,380,44,297.07,341.43,8.56,8.34
36,1.55,17.38,10000.0,38.099,7472,55.41,61.91,23.91,609.09,86.72,700,61,299.88,335.55,9.04,5.85
43,2.4,18.78,10000.0,72.525,5734,59.1,69.74,21.71,59.45,81.38,415,62,271.55,318.7,3.89,3.71
1,2.27,22.42,10000.0,44.154,5584,76.94,55.3,24.46,649.17,32.47,192,47,250.57,302.58,4.36,9.19
54,2.88,23.15,10000.0,77.878,9419,57.26,59.5,22.76,513.0,80.98,997,55,282.3,327.58,9.68,3.21
53,5.05,21.85,10000.0,53.821,3661,66.99,70.66,20.08,179.49,41.79,136,56,254.09,273.33,3.96,8.17
26,3.24,15.72,10000.0,55.96,6571,56.08,64.44,23.23,213.93,28.1,178,50,253.28,291.83,6.2,2.23
2,0.95,18.67,10000.0,64.657,2846,75.78,62.3,24.84,18.73,44.5,538,61,277.65,295.05,1.58,8.51
37,2.93,26.72,10000.0,42.699,3031,75.58,56.0,20.14,466.98,8.86,492,54,296.93,327.68,4.58,7.31
11,1.68,15.86,10000.0,54.81,3496,57.4,70.92,23.11,939.25,6.94,967,53,253.15,286.24,5.84,5.61
4,2.66,12.97,10000.0,74.861,1344,70.11,58.15,22.72,410.13,41.7,403,38,269.37,250.32,6.96,4.48
22,2.43,18.18,10000.0,57.522,3249,61.03,64.84,20.17,153.07,36.34,301,48,268.19,335.97,2.6,1.5
26,3.69,17.21,10000.0,54.862,9173,75.42,59.75,20.7,141.52,64.29,675,63,264.56,304.67,5.09,1.77
17,3.53,21.4,10000.0,43.442,5855,61.36,58.2,24.43,580.35,28.95,411,54,294.59,305.77,6.82,7.98
51,3.02,22.69,10000.0,63.445,3624,63.08,68.89,21.12,900.88,41.29,942,68,257.44,284.42,7.03,7.26
55,1.75,22.41,10000.0,50.146,7744,68.0,70.43,24.95,358.59,66.5,262,52,267.51,281.38,7.77,4.78
41,0.98,12.87,10000.0,54.235,4559,64.8,69.05,22.85,365.54,21.77,870,69,284.18,302.56,5.85,7.78
56,2.88,21.5,10000.0,60.952,9214,69.76,70.97,23.55,178.71,14.62,558,41,269.73,286.78,8.15,9.35
9,3.16,23.0,10000.0,43.871,592,55.46,64.26,22.93,457.56,4.9,192,59,256.45,349.13,9.54,5.08
32,4.58,20.77,10000.0,63.129,2952,75.87,57.84,22.54,947.02,26.52,513,65,283.76,287.27,9.87,9.53
16,2.77,22.47,10000.0,75.472,5996,73.1,60.7,20.98,323.4,97.0,699,42,266.89,287.48,1.59,8.98
19,2.67,25.1,10000.0,82.932,3788,56.74,61.36,21.85,652.26,57.68,926,56,283.8,254.17,7.96,4.24
48,2.6,21.8,10000.0,57.77,9879,71.95,67.07,22.86,893.2,54.26,938,46,299.26,284.75,6.47,9.53
19,2.0,20.09,10000.0,66.531,5870,76.58,55.46,21.49,235.21,57.54,865,66,270.91,293.21,9.82,4.14
64,2.73,20.84,10000.0,57.135,4783,71.8,64.58,24.86,974.33,38.66,451,36,280.44,272.05,6.44,3.0
10,4.11,24.87,10000.0,54.503,8335,74.26,63.05,22.51,960.83,83.53,921,66,262.7,284.39,2.12,3.96
15,2.07,17.1,10000.0,46.549,4144,61.99,68.07,23.1,571.26,57.57,910,60,250.12,346.59,2.94,4.37
63,1.92,21.06,10000.0,53.09,7228,76.66,61.12,23.84,182.56,58.91,168,44,297.43,258.83,7.17,3.16
47,2.21,20.27,10000.0,55.988,9275,74.14,68.6,21.24,326.88,24.8,842,58,293.19,272.51,1.67,6.38
31,2.03,19.82,10000.0,59.807,2524,70.49,69.11,22.75,9.63,39.64,788,54,298.84,315.54,2.92,4.04
19,1.66,17.56,10000.0,46.074,5989,76.46,70.03,21.23,451.91,99.45,165,48,267.47,306.35,7.43,7.02
53,3.37,18.89,10000.0,46.246,4342,62.32,61.83,21.21,284.86,17.95,798,53,257.32,268.4,4.34,8.53
38,2.57,14.85,10000.0,51.944,6146,67.68,56.31,21.36,70.14,79.61,431,36,289.44,260.73,3.72,8.24
33,1.45,17.6,10000.0,61.203,2176,69.75,63.79,21.79,980.87,84.76,918,61,289.82,257.91,1.64,2.06
21,2.8,16.74,10000.0,65.909,135,57.46,64.28,20.39,574.22,45.86,211,62,289.19,281.78,8.63,7.81
59,1.98,19.89,10000.0,68.083,5941,56.13,64.91,24.33,441.91,36.05,127,38,267.52,318.04,1.12,2.4
54,2.97,22.39,10000.0,64.176,6229,58.58,71.58,20.81,137.35,73.78,175,61,252.47,252.95,1.67,3.7
42,4.54,18.53,10000.0,60.036,745,58.32,60.92,23.62,935.51,52.6,308,38,273.5,306.18,5.18,8.54
42,0.68,22.28,10000.0,83.937,2970,57.74,64.45,22.27,873.29,71.66,290,56,300.0,313.39,2.34,6.14
31,3.26,16.34,10000.0,61.521,1793,72.94,58.63,23.79,711.69,86.95,914,66,278.91,332.43,1.12,4.72
13,1.49,15.42,10000.0,66.639,688,77.26,68.28,20.98,76.93,91.32,662,39,274.41,300.01,9.48,4.22
17,2.11,21.7,10000.0,66.612,9534,59.98,60.34,20.29,725.69,1.11,353,57,278.26,348.68,6.51,4.27
35,1.29,12.47,10000.0,47.618,5636,69.99,68.55,20.98,909.25,33.14,468,61,288.9,271.14,6.0,7.79
58,2.14,18.24,10000.0,42.195,2464,56.13,61.68,24.52,187.8,71.15,889,58,271.7,254.43,7.3,8.02
61,1.63,23.37,10000.0,46.152,8486,74.4,60.42,21.12,364.58,88.45,796,45,262.62,284.42,6.99,6.69
20,-0.17,17.46,10000.0,40.165,6033,63.95,65.1,22.4,635.15,47.74,532,44,259.27,313.63,5.2,5.87
41,3.28,20.27,10000.0,51.645,9674,73.04,57.85,20.37,526.23,66.79,766,67,260.29,286.79,7.7,1.51
29,2.23,22.16,10000.0,44.688,7562,65.85,69.77,23.15,57.06,7.58,373,67,299.88,348.77,7.07,7.43
39,2.2,20.07,10000.0,48.565,3697,60.89,71.96,22.74,898.66,69.16,820,38,285.5,302.81,9.42,4.44
4,2.28,21.09,10000.0,58.223,2167,57.8,58.77,24.16,31.05,23.15,781,56,293.38,291.29,6.33,9.8
59,2.72,24.96,10000.0,59.067,40,74.98,69.31,21.88,524.32,55.2,821,51,272.18,302.0,8.79,4.52
51,0.59,18.19,10000.0,65.521,7945,74.49,69.45,24.26,534.38,2.34,650,47,288.21,326.75,4.62,4.39
59,2.89,23.81,10000.0,54.091,4585,67.56,57.6,20.48,755.62,32.83,806,56,262.39,347.85,2.91,4.79
34,2.66,11.65,10000.0,60.019,5803,67.02,68.63,23.85,339.46,46.56,285,69,275.2,253.68,4.21,8.17
39,4.18,25.98,10000.0,48.209,907,75.38,61.21,20.01,246.92,64.29,326,56,284.64,341.66,5.94,4.69
30,2.89,17.75,10000.0,42.796,9588,74.38,67.16,23.78,103.74,34.9,416,60,290.82,266.84,9.79,7.56
27,2.56,18.05,10000.0,56.146,2307,58.83,64.31,23.28,657.5,66.84,521,38,276.27,269.71,9.26,1.39
23,1.64,17.86,10000.0,46.948,2965,61.12,63.72,23.44,658.16,93.48,756,35,264.81,286.33,5.58,4.31
39,1.16,14.99,10000.0,67.642,2648,70.94,59.15,24.54,956.75,1.49,128,46,260.08,258.08,8.46,8.0
48,1.86,22.36,10000.0,57.57,5012,66.81,57.78,20.6,79.75,42.92,315,63,297.27,274.83,6.55,3.8
49,4.77,12.0,10000.0,49.762,7020,69.84,66.95,24.1,36.6,41.02,893,38,259.69,310.26,2.67,9.13
10,1.35,23.52,10000.0,67.923,4101,60.6,70.88,21.03,365.1,92.64,585,44,272.05,297.86,5.5,8.5
10,1.32,19.45,10000.0,50.983,8590,58.52,63.46,21.3,590.56,74.18,385,62,266.15,299.33,4.47,9.84
64,2.87,21.2,10000.0,68.576,1879,71.08,55.25,20.43,621.77,83.61,126,43,266.68,318.36,1.16,4.6
30,2.8,19.46,10000.0,57.72,5595,55.97,66.52,20.37,943.34,78.31,291,56,288.35,271.92,8.54,5.38
7,2.98,22.87,10000.0,63.457,4164,61.36,55.75,20.51,65.48,56.71,719,68,297.04,271.19,3.69,4.52
29,1.27,24.56,10000.0,50.705,8227,61.79,56.2,21.08,887.77,71.74,107,55,296.68,333.29,7.25,6.72
53,3.29,16.8,10000.0,70.66,8213,58.9,71.14,20.89,4.76,32.48,971,46,275.59,288.7,5.64,2.99
30,3.47,25.38,10000.0,69.635,7861,63.29,65.45,24.57,754.02,1.21,323,47,251.72,303.5,4.24,3.86
26,1.14,18.98,10000.0,54.833,1935,66.47,69.33,20.79,839.41,37.08,168,51,251.5,274.37,5.74,6.54
1,0.45,20.47,10000.0,66.612,8017,71.57,61.12,22.36,10.49,8.84,277,48,284.8,297.19,9.1,6.09
2,2.1,19.59,10000.0,43.973,839,76.79,62.45,20.79,721.3,20.76,259,56,252.87,265.97,7.46,7.08
32,3.74,22.56,10000.0,52.601,1361,76.06,56.13,20.95,272.57,70.6,211,46,262.4,323.46,3.36,4.42
42,3.68,21.06,10000.0,42.087,2261,68.84,56.89,23.09,318.62,66.42,495,39,280.1,294.84,6.07,4.36
23,0.87,17.3,10000.0,56.314,7866,68.77,67.18,22.13,948.45,44.57,934,36,271.52,333.83,5.86,6.78
22,2.83,19.0,10000.0,58.454,6556,77.69,59.76,20.77,349.85,38.49,352,68,291.7,315.1,8.03,1.51
56,1.95,23.15,10000.0,50.997,9890,58.35,62.37,21.8,891.54,25.2,602,35,256.37,254.76,7.45,5.62
64,3.77,19.23,10000.0,58.422,2909,71.8,61.87,21.89,798.11,40.76,200,44,261.71,271.39,8.63,1.34
50,0.49,18.63,10000.0,66.853,918,56.95,65.56,24.74,119.85,13.74,370,37,281.06,349.03,2.53,1.07
38,2.85,18.25,10000.0,72.113,7330,65.2,66.69,24.34,840.45,74.91,940,36,297.64,251.35,5.91,9.17
38,2.09,21.23,10000.0,57.459,9598,61.23,59.71,24.24,678.98,52.34,421,54,285.64,266.36,2.05,2.36
62,1.5,19.71,10000.0,57.858,5444,73.17,61.44,23.0,174.25,50.17,810,44,266.55,275.41,9.24,6.44
19,1.53,18.25,10000.0,47.111,1171,62.74,60.27,22.04,509.3,51.18,643,67,262.32,343.57,7.89,9.2
44,3.03,14.08,10000.0,51.422,9752,74.37,58.09,21.21,384.93,42.17,237,43,270.79,285.14,9.18,3.83
21,4.1,21.4,10000.0,64.145,5140,67.92,58.72,24.44,78.48,75.22,1000,55,292.95,285.4,1.41,9.31
33,2.51,22.6,10000.0,42.419,592,63.47,66.73,23.69,560.3,75.13,420,41,255.81,327.85,4.86,4.62
45,2.31,19.68,10000.0,66.07,7089,57.82,62.11,22.54,552.2,51.54,364,44,258.5,265.84,4.64,7.68
64,1.64,17.74,10000.0,63.826,8267,69.14,62.37,22.93,449.29,68.73,333,44,279.93,262.22,2.81,4.14
19,2.88,21.78,10000.0,51.537,8572,76.59,58.58,20.42,298.2,45.06,420,35,266.61,349.59,1.36,3.52
27,2.5,12.76,10000.0,52.12,2923,57.61,67.65,21.12,963.54,83.25,964,67,276.32,312.43,6.88,2.83
11,3.17,14.79,10000.0,48.753,6995,73.83,70.81,21.51,448.44,96.67,397,39,263.57,340.46,9.81,6.8
13,2.45,14.42,10000.0,53.86,1707,76.04,55.88,21.13,887.63,65.3,805,50,278.79,269.76,4.61,9.33
22,2.1,24.62,10000.0,52.063,1939,73.79,70.97,21.38,307.87,13.48,665,36,266.11,296.71,2.54,1.69
22,2.81,18.15,10000.0,63.725,2647,75.7,67.96,21.24,351.46,68.33,643,37,262.08,339.75,3.1,6.9
49,1.74,17.75,10000.0,22.333,7766,62.88,57.18,22.26,855.96,59.0,923,62,292.59,262.45,6.63,3.17
2,2.85,16.12,10000.0,64.786,7098,75.16,59.52,21.81,442.95,92.15,787,53,272.71,311.45,8.29,5.75
30,2.84,15.6,10000.0,49.186,8780,67.58,61.5,21.55,666.72,31.82,434,46,286.79,260.11,6.02,5.09
11,2.72,23.47,10000.0,53.403,3617,61.74,71.64,22.62,175.14,82.11,168,43,259.01,256.61,7.51,7.14
19,1.54,23.64,10000.0,50.777,5912,58.92,55.9,20.05,886.5,62.93,594,53,252.69,283.06,6.63,5.68
23,1.21,27.83,10000.0,68.866,6284,55.13,63.87,22.86,827.88,60.79,398,40,291.14,349.28,7.1,9.53
46,3.16,19.33,10000.0,50.872,9581,72.56,55.91,20.78,347.44,16.7,978,44,273.37,268.18,8.83,6.4
64,2.36,17.21,10000.0,49.142,7504,71.47,55.14,23.52,201.46,17.77,725,68,289.46,295.87,3.05,2.69
27,2.01,12.99,10000.0,59.944,1392,63.88,58.97,22.69,466.57,5.07,475,56,281.79,285.75,5.11,8.29
1,2.1,25.87,10000.0,43.595,9769,61.28,57.04,23.52,642.43,62.19,891,51,262.15,326.51,1.81,7.41
34,3.71,16.74,10000.0,69.146,6419,60.68,68.69,21.75,245.87,50.01,578,68,265.71,294.94,1.87,6.62
27,1.01,24.94,10000.0,53.172,3861,56.62,66.7,20.76,74.05,85.25,518,66,291.99,312.95,5.08,4.8
51,3.21,19.12,10000.0,52.225,736,76.83,63.68,24.77,561.39,55.49,273,41,274.87,283.86,2.34,8.65
18,3.82,21.62,10000.0,54.067,1235,70.46,65.04,21.48,729.95,23.31,499,63,256.1,253.84,4.91,7.54
64,2.71,21.3,10000.0,44.125,5216,60.31,62.77,21.43,234.68,81.54,899,49,267.06,329.42,6.41,2.24
26,2.71,20.79,10000.0,65.428,7362,66.37,58.57,20.38,461.29,4.41,174,35,286.74,318.82,9.6,9.42
22,3.54,19.71,10000.0,55.94,7406,63.68,69.99,24.56,347.86,68.97,594,43,255.84,270.19,5.0,2.22
8,2.23,17.02,10000.0,57.904,949,75.38,55.74,21.9,150.34,63.48,786,47,250.15,283.71,3.09,7.53
6,3.39,24.83,10000.0,69.714,4277,65.01,59.44,22.54,821.41,1.24,443,69,253.41,320.22,7.61,1.31
12,1.55,23.1,10000.0,64.114,685,76.37,61.21,24.86,64.02,35.5,209,56,254.31,293.42,8.11,6.2
61,3.0,15.93,10000.0,43.833,1582,59.9,66.8,20.42,963.16,82.28,816,62,280.04,287.95,4.76,7.55
14,2.94,19.42,10000.0,59.335,7372,71.77,61.82,22.33,694.34,95.89,214,35,295.01,324.58,6.07,5.13
56,3.48,18.26,10000.0,76.382,3900,59.86,66.89,22.4,303.51,12.41,187,67,274.81,306.42,6.04,6.2
63,2.82,18.83,10000.0,65.859,181,71.74,66.69,24.34,986.5,18.91,964,66,262.61,258.05,3.96,4.12
6,3.42,30.74,10000.0,53.841,3673,65.21,68.34,20.05,433.24,90.0,884,61,259.75,315.38,9.18,5.6
49,3.21,17.85,10000.0,55.2,8770,60.73,68.09,21.42,261.46,80.01,702,44,290.39,288.2,8.44,1.87
42,2.85,16.94,10000.0,53.323,2216,76.41,68.0,24.54,348.07,90.42,391,56,258.81,349.83,9.32,5.9
40,2.15,20.2,10000.0,75.653,1626,76.0,61.84,20.56,5.01,31.11,836,54,281.46,252.51,8.3,9.14
23,2.72,19.16,10000.0,40.682,7841,58.3,57.44,23.25,92.99,16.68,690,64,262.88,281.24,3.88,2.39
45,1.97,17.82,10000.0,61.428,1099,77.01,61.9,24.53,336.27,18.42,876,42,272.45,301.68,4.44,5.65
42,2.74,12.39,10000.0,44.293,6057,76.87,63.6,23.64,511.48,59.06,519,53,252.33,288.77,8.07,7.18
53,2.82,21.27,10000.0,64.707,5586,63.48,57.77,24.23,593.3,30.53,863,35,273.07,331.79,3.44,1.55
19,2.3,15.43,10000.0,74.498,8261,77.92,56.5,22.55,51.03,54.44,474,48,295.34,346.4,9.5,8.56
15,2.66,13.18,10000.0,58.32,7318,58.98,69.24,23.05,677.6,35.08,738,66,266.75,332.58,7.28,3.67
13,1.43,12.62,10000.0,59.683,2694,68.6,70.12,23.72,506.38,76.24,593,62,256.86,260.2,2.65,2.16
28,1.93,13.88,10000.0,35.084,3188,55.97,68.7,22.74,489.0,11.85,800,58,285.72,262.98,9.26,1.63
63,3.31,20.74,10000.0,70.754,9106,70.75,55.49,23.19,415.68,25.49,620,60,290.64,301.33,1.54,2.51
4,1.36,17.23,10000.0,62.539,4840,74.7,67.32,20.59,467.75,72.29,890,51,299.07,317.58,9.13,5.34
57,1.38,20.76,10000.0,72.039,4454,77.62,65.9,21.68,889.35,56.47,514,53,273.78,257.37,7.99,4.76
21,1.82,21.22,10000.0,55.731,3198,62.15,56.11,24.98,408.33,37.16,246,52,270.29,295.19,5.73,1.36
63,4.15,15.92,10000.0,57.366,4636,55.5,57.47,21.41,758.38,11.63,567,42,261.21,276.66,9.44,6.31
21,2.62,12.92,10000.0,37.115,3597,55.37,69.64,22.05,760.21,33.08,533,67,278.07,336.5,9.51,1.44
58,2.75,11.86,10000.0,64.493,3290,56.12,59.6,20.5,557.88,24.74,451,36,254.77,332.75,6.67,6.5
26,3.93,14.58,10000.0,55.339,5168,72.23,71.06,22.41,611.48,10.37,956,66,282.73,331.23,1.01,3.07
1,3.33,20.17,10000.0,44.678,4410,72.08,69.54,22.86,697.38,35.65,439,56,250.14,312.38,5.65,7.44
42,1.74,20.89,10000.0,65.623,4725,73.52,61.65,21.54,286.19,53.49,865,55,269.79,349.3,3.19,3.03
10,3.74,24.38,10000.0,53.106,2128,73.28,58.69,23.51,748.23,54.29,253,40,279.56,297.04,4.93,6.92
20,3.09,18.19,10000.0,53.305,764,66.33,68.82,21.86,304.88,51.8,257,43,250.8,346.93,9.68,4.14
49,2.93,17.39,10000.0,68.896,3485,74.71,69.1,22.2,679.59,53.14,622,65,299.18,284.76,8.23,7.62
13,2.57,19.23,10000.0,53.279,255,56.83,62.28,21.86,286.94,62.96,686,54,250.96,255.85,9.52,7.82
42,2.45,22.96,10000.0,55.868,769,57.11,63.82,21.39,784.88,45.1,211,54,298.8,340.77,2.12,6.75
48,2.73,19.19,10000.0,54.585,4577,67.76,60.21,20.18,108.32,43.6,234,55,254.43,296.8,4.28,3.85
39,2.86,23.8,10000.0,67.007,8065,64.44,59.72,20.4,240.11,40.14,188,50,260.94,343.39,4.69,7.84
36,1.28,26.67,10000.0,59.217,4041,70.87,67.56,22.23,391.9,72.09,978,37,298.98,321.22,4.42,8.48
53,1.9,21.1,10000.0,55.941,5732,77.16,56.85,20.7,365.52,14.41,720,61,263.32,318.89,6.52,1.92
63,2.55,20.88,10000.0,38.598,6781,72.44,65.53,22.8,704.61,74.57,640,50,262.55,310.04,5.75,4.29
61,2.91,11.88,10000.0,56.861,9387,56.61,67.61,20.38,354.53,82.74,502,42,251.93,340.18,4.09,7.65
9,1.93,23.37,10000.0,61.476,3646,73.81,61.56,20.09,768.22,87.34,716,54,270.06,325.84,8.36,1.1
58,3.15,22.78,10000.0,45.363,3441,68.85,65.48,20.01,962.48,29.39,322,70,296.77,331.67,8.82,8.71
4,2.68,20.47,10000.0,47.848,986,63.49,71.53,21.55,774.34,25.87,948,36,277.28,269.5,1.87,9.71
50,3.56,18.95,10000.0,49.776,2876,71.64,71.67,24.43,27.74,41.22,544,47,271.67,263.63,4.68,1.68
63,3.45,26.19,10000.0,49.292,892,68.35,70.9,20.95,288.52,53.16,396,69,270.98,338.53,7.28,2.07
64,3.06,21.55,10000.0,61.012,6689,69.77,70.79,20.26,235.3,21.8,965,39,296.76,260.92,5.5,4.93
24,3.79,20.06,10000.0,56.665,1810,77.86,67.23,20.42,14.72,18.49,843,54,261.41,312.33,2.18,1.72
15,2.39,13.34,10000.0,58.835,1389,71.01,64.12,20.11,393.18,58.68,636,59,265.01,297.45,3.59,4.1
37,0.75,18.14,10000.0,60.481,633,57.22,64.76,21.34,884.12,88.12,838,57,266.32,271.37,4.41,2.05
28,1.23,21.47,10000.0,51.351,5065,67.51,66.05,21.16,453.15,34.57,463,66,290.29,339.61,7.94,6.25
24,3.11,22.75,10000.0,66.804,7920,73.61,64.6,21.12,831.46,24.51,700,45,250.3,313.88,2.67,7.09
31,3.56,20.73,10000.0,34.749,7688,68.44,56.05,21.09,168.47,76.72,831,65,278.5,332.21,7.31,5.86
37,2.81,22.38,10000.0,49.845,1165,71.79,64.96,21.62,889.24,89.91,359,39,268.34,347.18,3.59,8.41
7,2.62,20.15,10000.0,38.577,3533,68.04,59.61,24.04,537.6,31.15,376,49,269.72,327.45,4.53,2.27
30,3.18,20.53,10000.0,69.991,3208,58.56,60.88,24.38,810.2,51.9,899,50,285.84,344.78,9.84,7.74
60,2.04,17.48,10000.0,52.87,6650,77.38,64.97,23.52,634.18,26.77,362,56,258.69,324.7,3.43,9.46
7,1.59,24.21,10000.0,58.774,9942,55.06,62.33,20.99,203.23,61.39,173,49,265.13,300.12,7.58,6.4
34,3.62,16.03,10000.0,53.953,9894,56.76,65.97,20.92,255.44,7.07,600,48,252.15,296.52,7.77,2.28
60,1.0,19.88,10000.0,64.988,3684,57.82,66.05,23.13,453.62,36.59,255,36,282.77,292.96,9.07,2.27
53,2.12,24.29,10000.0,67.826,6616,62.7,56.49,22.75,352.44,75.64,977,44,268.22,288.27,3.52,7.9
15,2.9,22.24,10000.0,63.11,941,77.87,59.92,24.15,61.14,20.78,732,53,250.02,292.19,1.02,3.49
13,3.65,20.92,10000.0,57.478,2291,60.24,71.82,23.8,987.26,12.61,326,54,283.61,250.49,5.09,8.57
49,0.71,21.56,10000.0,55.984,1098,69.74,63.94,20.28,718.23,57.81,834,49,261.93,284.27,9.89,4.73
8,3.61,15.82,10000.0,54.605,2675,71.68,61.46,21.52,551.14,98.05,357,57,256.33,265.19,1.96,6.2
22,2.45,20.19,10000.0,54.447,7998,69.35,71.62,22.36,30.18,3.81,840,64,259.63,327.2,5.19,2.22
16,1.09,21.66,10000.0,56.172,5416,71.55,68.9,22.61,556.19,98.87,212,47,279.98,339.69,1.13,5.0
9,3.04,22.06,10000.0,46.839,4219,68.75,68.74,20.85,728.52,15.57,847,60,294.33,260.9,2.41,5.63
19,1.9,19.27,10000.0,59.563,950,55.69,71.84,24.46,302.38,79.17,345,43,295.3,295.53,3.18,1.18
6,3.07,17.61,10000.0,60.296,5567,77.89,58.54,23.48,653.97,22.52,916,46,252.43,282.41,4.03,4.11
55,1.62,16.4,10000.0,50.003,397,57.55,64.47,21.24,10.11,27.83,531,38,252.27,258.52,9.3,7.4
17,2.21,21.95,10000.0,65.7,8315,72.67,66.8,20.79,664.76,13.42,583,44,278.67,330.31,5.91,6.36
26,3.36,17.9,10000.0,75.076,8300,67.91,56.36,22.3,446.29,69.61,847,36,271.59,342.01,9.25,2.57
59,3.88,14.67,10000.0,66.16,6998,71.71,67.24,23.26,109.13,17.4,117,35,263.44,282.84,1.69,4.3
63,2.35,24.58,10000.0,70.676,8590,67.53,57.33,23.49,914.58,15.73,223,67,287.0,259.72,9.84,4.74
38,0.46,18.6,10000.0,61.522,8622,67.48,58.32,20.76,790.82,98.68,732,60,254.44,261.41,5.85,6.76
17,4.35,18.52,10000.0,61.269,4351,58.72,55.57,22.77,456.02,66.66,861,43,256.61,280.71,1.91,6.63
12,2.54,16.59,10000.0,56.358,7276,63.36,59.98,22.97,876.85,64.68,656,35,277.72,259.35,3.52,9.58
1,3.59,21.95,10000.0,57.951,2059,69.89,55.47,23.24,102.19,7.75,309,35,265.99,294.32,9.97,9.61
26,3.78,17.23,10000.0,63.192,8608,60.57,56.26,20.77,638.89,97.72,616,44,265.0,326.61,1.43,8.91
47,0.51,28.82,10000.0,67.601,4454,76.59,59.06,20.28,337.61,52.13,912,42,295.26,292.16,5.25,4.59
57,3.58,18.84,10000.0,63.507,8628,73.7,66.54,23.22,649.12,49.55,993,48,277.33,265.89,6.77,9.96
17,1.53,23.1,10000.0,47.832,9386,62.8,58.85,20.54,281.34,86.73,588,70,253.41,315.02,3.29,2.63
49,1.96,20.24,10000.0,54.384,7930,68.27,68.7,21.61,655.32,20.02,446,46,270.82,289.6,8.28,3.0
19,1.86,16.74,10000.0,71.347,6755,63.55,61.91,24.63,885.25,89.62,962,68,251.15,318.8,1.9,1.6
13,2.08,24.74,10000.0,49.353,1303,74.76,57.33,23.25,264.23,54.94,105,50,255.29,323.13,9.54,2.07
30,2.13,12.48,10000.0,65.82,678,77.47,71.44,22.62,940.96,26.23,888,58,256.2,332.73,5.43,1.6
36,1.05,17.09,10000.0,66.145,4432,71.22,68.52,23.74,546.84,58.27,359,65,256.89,330.18,2.79,5.38
35,2.26,19.65,10000.0,76.177,6708,63.38,64.49,23.22,358.47,19.18,974,60,263.87,298.29,3.46,8.8
49,4.06,15.38,10000.0,70.579,7058,70.94,60.22,23.22,333.79,23.05,391,55,273.26,317.16,5.82,7.12
24,3.47,18.75,10000.0,47.286,6405,66.18,66.61,24.19,254.56,14.47,523,53,261.62,319.01,7.06,3.07
18,3.55,18.31,10000.0,40.769,1703,77.94,55.25,21.56,562.92,73.78,999,52,286.21,328.29,2.85,7.02
22,4.14,15.94,10000.0,58.048,620,59.93,66.79,20.07,917.79,73.12,688,55,273.48,308.42,6.03,6.8
52,0.84,22.76,10000.0,66.921,3159,66.04,59.02,21.17,489.44,43.34,687,61,283.91,326.95,3.33,4.68
58,2.68,15.44,10000.0,58.107,9509,73.03,66.68,21.4,489.01,66.04,344,51,258.64,265.33,3.71,1.29
45,2.28,24.56,10000.0,58.428,5753,73.41,69.58,24.41,990.6,73.18,597,47,270.77,290.71,8.68,8.04
2,2.94,23.16,10000.0,55.22,1928,55.84,64.44,23.18,287.48,68.45,868,61,265.95,314.95,2.47,7.03
56,2.93,18.89,10000.0,65.781,4656,68.06,57.73,21.37,432.73,15.57,809,35,281.23,301.83,6.44,3.96
22,3.18,18.78,10000.0,41.133,8851,55.41,62.27,21.67,451.29,88.17,956,55,262.04,289.33,3.63,9.31
59,2.03,22.53,10000.0,66.5,8508,57.79,56.12,23.84,822.56,51.1,199,48,262.64,261.88,9.41,1.38
13,2.95,21.34,10000.0,76.043,9019,72.8,67.35,21.0,800.94,15.92,694,47,263.98,316.33,4.89,2.27
7,2.41,16.61,10000.0,53.982,137,66.25,71.82,20.77,502.84,18.44,846,67,256.78,282.67,6.75,4.07
29,1.74,16.93,10000.0,61.046,6863,55.12,71.14,24.25,944.42,71.02,282,38,251.86,278.66,9.61,6.54
33,1.96,19.63,10000.0,59.241,1111,63.22,71.6,20.03,865.57,65.05,189,44,257.6,288.94,6.95,3.92
60,5.01,27.4,10000.0,43.373,8806,74.93,55.4,21.81,403.98,71.75,528,47,260.85,291.06,7.22,7.77
27,3.35,21.58,10000.0,57.889,9838,62.27,59.63,21.37,851.62,60.24,563,44,270.58,293.43,3.92,9.61
30,-0.13,19.24,10000.0,42.976,5095,56.83,64.9,20.98,491.12,55.26,328,47,280.48,305.93,1.71,9.37
42,2.68,21.29,10000.0,56.458,7132,64.43,59.21,21.24,83.29,45.86,397,67,255.99,258.0,2.09,5.81
14,1.89,14.49,10000.0,63.753,7905,69.57,57.02,23.6,907.41,41.56,746,38,262.56,278.14,1.34,3.83
12,2.76,16.76,10000.0,75.37,4489,72.92,61.56,24.15,203.47,63.42,285,53,290.12,269.17,3.72,5.94
37,3.75,27.05,10000.0,58.303,7673,60.47,67.53,20.97,161.7,69.72,709,65,253.39,307.43,8.85,5.82
53,3.61,21.74,10000.0,53.649,3741,63.47,64.3,20.33,715.54,2.47,208,56,291.19,332.15,3.55,4.25
52,3.4,18.01,10000.0,58.581,3905,66.12,69.72,23.47,870.22,75.49,272,42,299.67,315.99,4.43,1.64
2,1.94,15.05,10000.0,51.353,4552,76.84,64.88,24.02,819.9,75.82,818,53,292.94,349.08,5.17,5.91
27,3.12,24.27,10000.0,64.899,3219,74.5,71.62,23.83,867.27,14.05,823,63,252.73,301.31,5.54,5.65
13,1.65,23.84,10000.0,54.593,3884,66.43,64.86,20.63,371.48,33.76,633,50,279.38,312.62,5.13,5.6
53,1.2,22.18,10000.0,39.322,5792,62.1,55.67,20.18,472.03,55.0,674,53,263.66,303.86,1.25,1.11
60,3.19,18.31,10000.0,74.38,8367,69.56,55.36,20.25,937.2,96.95,321,61,294.23,285.93,1.38,3.06
44,3.2,21.85,10000.0,56.14,4019,57.17,66.61,22.61,4.55,12.82,721,66,253.3,318.16,3.19,2.21
6,3.3,23.85,10000.0,55.615,8227,64.61,56.94,20.35,849.98,35.8,417,58,290.08,321.33,2.44,2.8
56,4.71,12.38,10000.0,54.205,3151,72.29,58.73,20.94,377.84,67.17,602,68,286.11,332.04,9.34,3.26
15,3.54,24.48,10000.0,60.322,796,63.17,58.23,20.18,88.77,19.63,269,70,254.91,282.3,9.28,2.17
45,2.11,26.31,10000.0,55.735,6246,58.58,58.91,24.45,557.12,99.39,246,42,266.55,265.02,6.52,2.75
4,2.76,20.75,10000.0,45.527,3482,58.64,71.66,22.58,611.97,12.43,883,37,291.0,289.81,8.59,6.69
41,0.85,17.59,10000.0,50.791,6773,75.27,68.49,24.9,817.37,41.43,230,37,261.1,277.7,4.64,7.26
39,2.97,22.43,10000.0,39.119,1307,77.44,68.89,22.11,637.61,28.69,484,36,262.57,262.13,6.16,9.66
21,2.24,23.35,10000.0,53.425,8610,56.53,58.46,21.52,812.46,27.15,797,68,291.86,299.56,1.17,9.18
5,2.35,26.94,10000.0,53.75,9261,75.58,63.3,23.86,51.72,89.13,625,51,276.03,251.7,9.59,3.26
21,3.6,22.84,10000.0,67.633,4882,72.15,58.17,23.4,463.07,37.31,221,49,296.93,322.2,5.69,9.35
25,1.72,18.15,10000.0,54.991,716,72.76,65.13,23.52,427.33,42.05,623,41,282.66,306.42,1.99,3.29
7,1.17,21.73,10000.0,73.059,1844,73.24,68.39,24.32,241.56,19.91,433,47,262.4,288.29,3.48,8.77
26,2.59,15.9,10000.0,60.53,853,75.7,57.29,22.2,903.35,98.08,832,56,277.97,320.28,7.47,6.38
15,2.86,22.51,10000.0,57.329,8995,73.41,68.14,22.48,409.46,95.41,308,70,252.23,259.83,8.77,2.95
53,3.46,21.09,10000.0,69.56,7783,55.43,63.99,20.52,573.54,21.79,331,50,258.94,252.94,3.41,6.4
32,1.11,18.41,10000.0,72.975,9407,63.67,64.8,20.16,491.95,8.67,464,58,298.04,305.22,7.46,2.8
39,2.57,15.01,10000.0,44.759,9899,72.62,65.38,24.06,733.41,78.78,915,39,258.98,338.0,8.64,4.75
27,2.26,17.08,10000.0,42.993,3263,70.17,59.01,21.48,417.86,10.28,166,41,285.52,320.39,5.11,1.96
20,1.0,22.65,10000.0,62.812,7083,59.56,64.77,22.23,729.28,63.11,235,42,277.12,346.71,3.57,5.95
51,1.37,17.87,10000.0,51.151,9811,76.07,65.76,23.28,928.73,68.87,918,48,276.38,298.32,1.42,2.73
35,1.6,13.42,10000.0,54.438,7444,77.1,56.77,22.58,972.2,62.12,554,52,278.6,344.3,3.59,7.65
